{
  "resourceType": "AllergyIntolerance",
  "id": "allergyIntolerance-no-known-allergy",
  "meta": {
    "profile": [
      "http://fhir.health.gov.il/StructureDefinition/il-core-allergy-intolerance"
    ]
  },
  "text": {
    "div": "<div xmlns=\"http://www.w3.org/1999/xhtml\">No Known Allergies</div>",
    "status": "generated"
  },
  "patient": {
    "reference": "Patient/patient-israeli-with-two-identifiers"
  },
  "clinicalStatus": {
    "coding": [
      {
        "code": "active",
        "system": "http://terminology.hl7.org/CodeSystem/allergyintolerance-clinical"
      }
    ]
  },
  "verificationStatus": {
    "coding": [
      {
        "code": "confirmed",
        "system": "http://terminology.hl7.org/CodeSystem/allergyintolerance-verification"
      }
    ]
  },
  "code": {
    "coding": [
      {
        "code": "716186003",
        "system": "http://snomed.info/sct",
        "display": "No known allergy"
      }
    ]
  }
}
