{
  "resourceType": "AllergyIntolerance",
  "id": "allergyIntolerance-aspirin-intolerance",
  "meta": {
    "profile": [
      "http://fhir.health.gov.il/StructureDefinition/il-core-allergy-intolerance"
    ]
  },
  "reaction": [
    {
      "extension": [
        {
          "url": "http://fhir.health.gov.il/StructureDefinition/ext-reaction-duration",
          "valueDuration": {
            "value": 3,
            "code": "h",
            "system": "http://unitsofmeasure.org"
          }
        }
      ],
      "substance": {
        "coding": [
          {
            "code": "387458008",
            "system": "http://snomed.info/sct",
            "display": "Aspirin (substance)"
          }
        ]
      },
      "manifestation": [
        {
          "coding": [
            {
              "code": "60862001",
              "system": "http://snomed.info/sct",
              "display": "Tinnitus (finding)"
            }
          ]
        }
      ],
      "severity": "mild",
      "exposureRoute": {
        "coding": [
          {
            "code": "26643006",
            "system": "http://snomed.info/sct",
            "display": "Oral route (qualifier value)"
          }
        ]
      }
    }
  ],
  "text": {
    "div": "<div xmlns=\"http://www.w3.org/1999/xhtml\">Penut Allergy</div>",
    "status": "generated"
  },
  "patient": {
    "reference": "Patient/patient-with-israeli-id"
  },
  "clinicalStatus": {
    "coding": [
      {
        "code": "active",
        "system": "http://terminology.hl7.org/CodeSystem/allergyintolerance-clinical"
      }
    ]
  },
  "verificationStatus": {
    "coding": [
      {
        "code": "confirmed",
        "system": "http://terminology.hl7.org/CodeSystem/allergyintolerance-verification"
      }
    ]
  },
  "type": "intolerance",
  "criticality": "low",
  "code": {
    "coding": [
      {
        "code": "292044008",
        "system": "http://snomed.info/sct",
        "display": "Aspirin adverse reaction"
      }
    ]
  },
  "category": [
    "medication"
  ]
}
