{
  "resourceType": "CodeSystem",
  "status": "draft",
  "content": "complete",
  "name": "PractitionerCertificateTypeMoLSA",
  "id": "practitioner-certificate-type-molsa",
  "title": "MoLSA Certificate Types",
  "description": "A list of codes for certificate types according to Israeli MoLSA",
  "version": "0.10.1",
  "url": "http://fhir.health.gov.il/cs/practitioner-certificate-type-molsa",
  "concept": [
    {
      "code": "SW",
      "display": "רשיון עבודה סוציאלית"
    }
  ],
  "caseSensitive": false,
  "experimental": false,
  "count": 1
}
