{
  "resourceType": "CodeSystem",
  "status": "draft",
  "content": "complete",
  "name": "ICD9IL",
  "id": "icd9il",
  "title": "ICD9IL: Adendum to ICD9 according to codes by Israeli MoH",
  "description": "Strings for procedures and diagnoses, added to ICD9",
  "version": "0.10.1",
  "url": "http://fhir.health.gov.il/cs/icd9il",
  "concept": [
    {
      "code": "00.97",
      "display": "INTRAVENOUS INFUSION OF MONOCLONAL ANTIBODIES (IGG1) FOR CORONAVIRUS (COVID-19) PATIENT",
      "property": [
        {
          "code": "type",
          "valueString": "procedure"
        }
      ]
    },
    {
      "code": "079.84",
      "display": "CORONAVIRUS (COVID-19) INFECTION",
      "property": [
        {
          "code": "type",
          "valueString": "diagnosis"
        }
      ]
    },
    {
      "code": "079.85",
      "display": "CORONAVIRUS (COVID-19) INFECTION AFTER RECEIVING ONE VACCINE DOSE",
      "property": [
        {
          "code": "type",
          "valueString": "diagnosis"
        }
      ]
    },
    {
      "code": "079.86",
      "display": "CORONAVIRUS (COVID-19) INFECTION AFTER RECEIVING TWO VACCINE DOSES",
      "property": [
        {
          "code": "type",
          "valueString": "diagnosis"
        }
      ]
    },
    {
      "code": "079.87",
      "display": "CORONAVIRUS (COVID-19) RECURRENT INFECTION AFTER PREVIOUS EPISODE",
      "property": [
        {
          "code": "type",
          "valueString": "diagnosis"
        }
      ]
    },
    {
      "code": "079.90",
      "display": "CORONAVIRUS (COVID-19) INFECTION AFTER RECEIVING THREE VACCINE DOSES",
      "property": [
        {
          "code": "type",
          "valueString": "diagnosis"
        }
      ]
    },
    {
      "code": "079.91",
      "display": "CORONAVIRUS (COVID-19) INFECTION AFTER RECEIVING FOUR VACCINE DOSES",
      "property": [
        {
          "code": "type",
          "valueString": "diagnosis"
        }
      ]
    },
    {
      "code": "139.2",
      "display": "LATE EFFECTS OF CORONAVIRUS (COVID-19) INFECTION",
      "property": [
        {
          "code": "type",
          "valueString": "diagnosis"
        }
      ]
    },
    {
      "code": "250.76",
      "display": "DIABETIC FOOT GANGRENE, ACTIVE",
      "property": [
        {
          "code": "type",
          "valueString": "diagnosis"
        }
      ]
    },
    {
      "code": "250.86",
      "display": "DIABETIC FOOT ULCER, ACTIVE",
      "property": [
        {
          "code": "type",
          "valueString": "diagnosis"
        }
      ]
    },
    {
      "code": "539.02",
      "display": "PORT LEAK OF GASTRIC BAND PROCEDURE",
      "property": [
        {
          "code": "type",
          "valueString": "diagnosis"
        }
      ]
    },
    {
      "code": "539.03",
      "display": "PORT DISPLACEMENT OF GASTRIC BAND PROCEDURE",
      "property": [
        {
          "code": "type",
          "valueString": "diagnosis"
        }
      ]
    },
    {
      "code": "539.04",
      "display": "MINOR PORT INFECTION OF GASTRIC BAND PROCEDURE",
      "property": [
        {
          "code": "type",
          "valueString": "diagnosis"
        }
      ]
    },
    {
      "code": "539.05",
      "display": "STOMACH OBSTRUCTION BY BAND SLIPPAGE",
      "property": [
        {
          "code": "type",
          "valueString": "diagnosis"
        }
      ]
    },
    {
      "code": "539.06",
      "display": "BAND EROSION",
      "property": [
        {
          "code": "type",
          "valueString": "diagnosis"
        }
      ]
    },
    {
      "code": "539.07",
      "display": "LATE PORT OR BAND EROSION",
      "property": [
        {
          "code": "type",
          "valueString": "diagnosis"
        }
      ]
    },
    {
      "code": "539.08",
      "display": "ESOPHAGEAL DILATATION, ESOPHAGITIS DUE TO GASTRIC BAND",
      "property": [
        {
          "code": "type",
          "valueString": "diagnosis"
        }
      ]
    },
    {
      "code": "539.82",
      "display": "LEAKAGE DUE TO OTHER BARIATRIC PROCEDURE",
      "property": [
        {
          "code": "type",
          "valueString": "diagnosis"
        }
      ]
    },
    {
      "code": "539.83",
      "display": "HEMORRHAGE DUE TO OTHER BARIATRIC PROCEDURE",
      "property": [
        {
          "code": "type",
          "valueString": "diagnosis"
        }
      ]
    },
    {
      "code": "747.65",
      "display": "UTERINE ARTERIOVENOUS MALFORMATION (AVM)",
      "property": [
        {
          "code": "type",
          "valueString": "diagnosis"
        }
      ]
    },
    {
      "code": "796.61",
      "display": "NEONATAL OAE SCREEN PASSED",
      "property": [
        {
          "code": "type",
          "valueString": "diagnosis"
        }
      ]
    },
    {
      "code": "796.62",
      "display": "NEONATAL OAE SCREEN UNILATERAL FAIL",
      "property": [
        {
          "code": "type",
          "valueString": "diagnosis"
        }
      ]
    },
    {
      "code": "796.63",
      "display": "NEONATAL OAE SCREEN BILATERAL FAIL",
      "property": [
        {
          "code": "type",
          "valueString": "diagnosis"
        }
      ]
    },
    {
      "code": "796.64",
      "display": "NEONATAL AABR SCREEN PASSED",
      "property": [
        {
          "code": "type",
          "valueString": "diagnosis"
        }
      ]
    },
    {
      "code": "796.65",
      "display": "NEONATAL AABR SCREEN UNILATERAL FAIL",
      "property": [
        {
          "code": "type",
          "valueString": "diagnosis"
        }
      ]
    },
    {
      "code": "796.66",
      "display": "NEONATAL AABR SCREEN BILATERAL FAIL",
      "property": [
        {
          "code": "type",
          "valueString": "diagnosis"
        }
      ]
    },
    {
      "code": "796.67",
      "display": "NEONATAL HEARING SCREEN NOT PERFORMED",
      "property": [
        {
          "code": "type",
          "valueString": "procedure"
        }
      ]
    },
    {
      "code": "995.25",
      "display": "ADVERSE EFFECT OF COVID-19 VACCINATION",
      "property": [
        {
          "code": "type",
          "valueString": "diagnosis"
        }
      ]
    },
    {
      "code": "995.95",
      "display": "MULTISYSTEM INFLAMMATORY SYNDROME ASSOCIATED WITH COVID-19",
      "property": [
        {
          "code": "type",
          "valueString": "diagnosis"
        }
      ]
    },
    {
      "code": "998.84",
      "display": "FAILED OR DIFFICULT INTUBATION",
      "property": [
        {
          "code": "type",
          "valueString": "diagnosis"
        }
      ]
    },
    {
      "code": "E829.2",
      "display": "POWERED SCOOTER ACCIDENT INJURING PEDESTRIAN",
      "property": [
        {
          "code": "type",
          "valueString": "diagnosis"
        }
      ]
    },
    {
      "code": "E829.3",
      "display": "POWERED SCOOTER ACCIDENT INJURING RIDER",
      "property": [
        {
          "code": "type",
          "valueString": "diagnosis"
        }
      ]
    },
    {
      "code": "E949.8",
      "display": "COVID-19 VACCINE CAUSING ADVERSE EFFECTS IN THERAPEUTIC USE",
      "property": [
        {
          "code": "type",
          "valueString": "diagnosis"
        }
      ]
    },
    {
      "code": "V01.72",
      "display": "CONTACT WITH OR EXPOSURE TO CONFIRMED CORONAVIRUS (COVID-19)",
      "property": [
        {
          "code": "type",
          "valueString": "diagnosis"
        }
      ]
    },
    {
      "code": "V02.55",
      "display": "ASYMPTOMATIC PATIENT TESTED POSITIVE FOR CORONAVIRUS (COVID-19)",
      "property": [
        {
          "code": "type",
          "valueString": "diagnosis"
        }
      ]
    },
    {
      "code": "V07.00",
      "display": "NEED FOR ISOLATION",
      "property": [
        {
          "code": "type",
          "valueString": "diagnosis"
        }
      ]
    },
    {
      "code": "V07.01",
      "display": "PROPHYLACTIC HOME ISOLATION AFTER CONTACT WITH CORONAVIRUS (COVID-19) PATIENT",
      "property": [
        {
          "code": "type",
          "valueString": "diagnosis"
        }
      ]
    },
    {
      "code": "V12.05",
      "display": "CORONAVIRUS (COVID-19) RECOVERED PATIENT - CURRENT EPISODE",
      "property": [
        {
          "code": "type",
          "valueString": "diagnosis"
        }
      ]
    },
    {
      "code": "V13.82",
      "display": "HISTORY OF CORONAVIRUS (COVID-19) INFECTION",
      "property": [
        {
          "code": "type",
          "valueString": "diagnosis"
        }
      ]
    },
    {
      "code": "V13.83",
      "display": "EVIDENCE OF PREVIOUS CORONAVIRUS (COVID-19) INFECTION BY SEROLOGY",
      "property": [
        {
          "code": "type",
          "valueString": "diagnosis"
        }
      ]
    },
    {
      "code": "V13.84",
      "display": "STATUS POST CORONAVIRUS (COVID-19) VACCINE, FIRST DOSE",
      "property": [
        {
          "code": "type",
          "valueString": "diagnosis"
        }
      ]
    },
    {
      "code": "V13.85",
      "display": "STATUS POST CORONAVIRUS (COVID-19) VACCINE, SECOND DOSE",
      "property": [
        {
          "code": "type",
          "valueString": "diagnosis"
        }
      ]
    },
    {
      "code": "V13.86",
      "display": "STATUS POST CORONAVIRUS (COVID-19) VACCINATION TO RECOVERED PATIENT",
      "property": [
        {
          "code": "type",
          "valueString": "diagnosis"
        }
      ]
    },
    {
      "code": "V13.87",
      "display": "STATUS POST CORONAVIRUS (COVID-19) VACCINE, THIRD DOSE",
      "property": [
        {
          "code": "type",
          "valueString": "diagnosis"
        }
      ]
    },
    {
      "code": "V13.88",
      "display": "STATUS POST CORONAVIRUS (COVID-19) VACCINE,FOURTH DOSE",
      "property": [
        {
          "code": "type",
          "valueString": "diagnosis"
        }
      ]
    },
    {
      "code": "V15.90",
      "display": "UNSPECIFIED PERSONAL HISTORY PRESENTING HAZARDS TO HEALTH",
      "property": [
        {
          "code": "type",
          "valueString": "diagnosis"
        }
      ]
    },
    {
      "code": "V15.91",
      "display": "HISTORY OF FAILED OR DIFFICULT INTUBATION",
      "property": [
        {
          "code": "type",
          "valueString": "diagnosis"
        }
      ]
    },
    {
      "code": "V15.92",
      "display": "HISTORY OF DIABETIC FOOT ULCER",
      "property": [
        {
          "code": "type",
          "valueString": "diagnosis"
        }
      ]
    },
    {
      "code": "V58.60",
      "display": "LONG TERM (CURRENT) CANNABIS USE",
      "property": [
        {
          "code": "type",
          "valueString": "diagnosis"
        }
      ]
    },
    {
      "code": "V64.20",
      "display": "SURGICAL OR OTHER PROCEDURE NOT CARRIED OUT BECAUSE OF PATIENT'S DECISION",
      "property": [
        {
          "code": "type",
          "valueString": "diagnosis"
        }
      ]
    },
    {
      "code": "V64.21",
      "display": "MEDICAL INTERVENTION NOT CARRIED OUT BECAUSE OF CAREGIVER REFUSAL",
      "property": [
        {
          "code": "type",
          "valueString": "diagnosis"
        }
      ]
    },
    {
      "code": "V64.50",
      "display": "CORONAVIRUS (COVID-19) TEST NOT CARRIED OUT",
      "property": [
        {
          "code": "type",
          "valueString": "diagnosis"
        }
      ]
    },
    {
      "code": "V65.47",
      "display": "CORONAVIRUS COVID-19 VACCINE COUNSELING",
      "property": [
        {
          "code": "type",
          "valueString": "diagnosis"
        }
      ]
    },
    {
      "code": "V71.84",
      "display": "OBSERVATION AND EVALUATION FOR SUSPECTED EXPOSURE TO CORONAVIRUS COVID-19",
      "property": [
        {
          "code": "type",
          "valueString": "diagnosis"
        }
      ]
    },
    {
      "code": "V71.85",
      "display": "OBSERVATION AND EVALUATION FOR SUSPECTED ADVERSE EFFECT OF COVID-19 VACCINATION NOT FOUND",
      "property": [
        {
          "code": "type",
          "valueString": "diagnosis"
        }
      ]
    },
    {
      "code": "V72.64",
      "display": "CORONAVIRUS (COVID-19) TEST PERFORMED FOR ADMINISTRATIVE PURPOSES",
      "property": [
        {
          "code": "type",
          "valueString": "diagnosis"
        }
      ]
    },
    {
      "code": "V73.70",
      "display": "EXAMINATION FOR SUSPECTED CORONAVIRUS (COVID-19)",
      "property": [
        {
          "code": "type",
          "valueString": "diagnosis"
        }
      ]
    },
    {
      "code": "00.98",
      "display": "SUBCUTANEOUS INJECTION OF MONOCLONAL ANTIBODIES (IGG1) FOR CORONAVIRUS (COVID-19) PATIENT",
      "property": [
        {
          "code": "type",
          "valueString": "procedure"
        }
      ]
    },
    {
      "code": "11.77",
      "display": "AMNIOTIC MEMBRANE GRAFT",
      "property": [
        {
          "code": "type",
          "valueString": "procedure"
        }
      ]
    },
    {
      "code": "13.73",
      "display": "INSERTION OF TORIC INTRAOCULAR LENS, UP TO 9 CYLINDER",
      "property": [
        {
          "code": "type",
          "valueString": "procedure"
        }
      ]
    },
    {
      "code": "13.74",
      "display": "INSERTION OF TORIC INTRAOCULAR LENS, 9 CYLINDER OR OVER",
      "property": [
        {
          "code": "type",
          "valueString": "procedure"
        }
      ]
    },
    {
      "code": "13.75",
      "display": "INSERTION OF MULTIFOCAL INTRAOCULAR LENS",
      "property": [
        {
          "code": "type",
          "valueString": "procedure"
        }
      ]
    },
    {
      "code": "13.76",
      "display": "INSERTION OF MULTIFOCAL TORIC INTRAOCULAR LENS",
      "property": [
        {
          "code": "type",
          "valueString": "procedure"
        }
      ]
    },
    {
      "code": "26.33",
      "display": "PARTIAL PAROTIDECTOMY",
      "property": [
        {
          "code": "type",
          "valueString": "procedure"
        }
      ]
    },
    {
      "code": "26.34",
      "display": "COMPLETE PAROTIDECTOMY",
      "property": [
        {
          "code": "type",
          "valueString": "procedure"
        }
      ]
    },
    {
      "code": "36.08",
      "display": "INSERTION OF CORONARY SINUS REDUCER SYSTEM",
      "property": [
        {
          "code": "type",
          "valueString": "procedure"
        }
      ]
    },
    {
      "code": "43.83",
      "display": "ENDOSCOPIC (OVERSTITCH) SLEEVE GASTROPLASTY",
      "property": [
        {
          "code": "type",
          "valueString": "procedure"
        }
      ]
    },
    {
      "code": "43.84",
      "display": "TRANSORAL ENDOSCOPIC (OVERSTITCH) REVISION OF GASTRIC ANASTOMOSIS",
      "property": [
        {
          "code": "type",
          "valueString": "procedure"
        }
      ]
    },
    {
      "code": "44.33",
      "display": "ONE ANASTOMOTIC GASTRIC BYPASS (LAP MINI GASTRIC BYPASS)",
      "property": [
        {
          "code": "type",
          "valueString": "procedure"
        }
      ]
    },
    {
      "code": "44.34",
      "display": "OPEN ONE ANASTOMOTIC GASTRIC BYPASS (OPEN MINI GASTRIC BYPASS)",
      "property": [
        {
          "code": "type",
          "valueString": "procedure"
        }
      ]
    },
    {
      "code": "58.7",
      "display": "INSERTION OF URETHRAL STENT",
      "property": [
        {
          "code": "type",
          "valueString": "procedure"
        }
      ]
    },
    {
      "code": "75.10",
      "display": "DIAGNOSTIC AMNIOCENTESIS",
      "property": [
        {
          "code": "type",
          "valueString": "procedure"
        }
      ]
    },
    {
      "code": "75.11",
      "display": "THERAPEUTIC AMNIOCENTESIS",
      "property": [
        {
          "code": "type",
          "valueString": "procedure"
        }
      ]
    },
    {
      "code": "75.39",
      "display": "UMBILICAL CORD OCCLUSION FOR FETAL REDUCTION",
      "property": [
        {
          "code": "type",
          "valueString": "procedure"
        }
      ]
    },
    {
      "code": "96.61",
      "display": "FECAL MICROBIOTA TRANSPLANT (FMT) BY TRANSANAL ENEMA",
      "property": [
        {
          "code": "type",
          "valueString": "procedure"
        }
      ]
    },
    {
      "code": "96.62",
      "display": "FECAL MICROBIOTA TRANSPLANT (FMT) BY ENTERAL INFUSION OF NUTRITIONAL SUBSTANCES",
      "property": [
        {
          "code": "type",
          "valueString": "procedure"
        }
      ]
    },
    {
      "code": "96.63",
      "display": "FECAL MICROBIOTA TRANSPLANT (FMT) BY NASO-INTESTINAL TUBE",
      "property": [
        {
          "code": "type",
          "valueString": "procedure"
        }
      ]
    },
    {
      "code": "96.64",
      "display": "FECAL MICROBIOTA TRANSPLANT (FMT) BY PEG",
      "property": [
        {
          "code": "type",
          "valueString": "procedure"
        }
      ]
    },
    {
      "code": "96.65",
      "display": "FECAL MICROBIOTA TRANSPLANT (FMT) BY COLONOSCOPY",
      "property": [
        {
          "code": "type",
          "valueString": "procedure"
        }
      ]
    },
    {
      "code": "96.66",
      "display": "FECAL MICROBIOTA TRANSPLANT (FMT) BY GASTROSCOPY",
      "property": [
        {
          "code": "type",
          "valueString": "procedure"
        }
      ]
    },
    {
      "code": "96.67",
      "display": "FECAL MICROBIOTA TRANSPLANT (FMT)- PER OS",
      "property": [
        {
          "code": "type",
          "valueString": "procedure"
        }
      ]
    },
    {
      "code": "99.40",
      "display": "CORONAVIRUS (COVID-19) VACCINATION TO RECOVERED PATIENT",
      "property": [
        {
          "code": "type",
          "valueString": "procedure"
        }
      ]
    },
    {
      "code": "99.49",
      "display": "CORONAVIRUS COVID-19 VACCINE ADMINISTRATION, FIRST DOSE",
      "property": [
        {
          "code": "type",
          "valueString": "procedure"
        }
      ]
    },
    {
      "code": "99.50",
      "display": "CORONAVIRUS COVID-19 VACCINE ADMINISTRATION, SECOND DOSE",
      "property": [
        {
          "code": "type",
          "valueString": "procedure"
        }
      ]
    },
    {
      "code": "99.5A",
      "display": "CORONAVIRUS COVID-19 VACCINE ADMINISTRATION, THIRD DOSE",
      "property": [
        {
          "code": "type",
          "valueString": "procedure"
        }
      ]
    },
    {
      "code": "99.5B",
      "display": "CORONAVIRUS COVID-19 VACCINE ADMINISTRATION, FOURTH DOSE",
      "property": [
        {
          "code": "type",
          "valueString": "procedure"
        }
      ]
    }
  ],
  "caseSensitive": false,
  "experimental": false,
  "property": [
    {
      "code": "type",
      "type": "string"
    }
  ],
  "count": 86
}
