{
  "resourceType": "CodeSystem",
  "status": "draft",
  "content": "complete",
  "name": "PractitionerCertificateTypeMoH",
  "id": "practitioner-certificate-type-moh",
  "title": "MoH Certificate Types",
  "description": "A list of codes for certificate types according to Israeli MoH",
  "version": "0.10.1",
  "url": "http://fhir.health.gov.il/cs/practitioner-certificate-type-moh",
  "concept": [
    {
      "code": "1",
      "display": "רשיון זמני"
    },
    {
      "code": "2",
      "display": "רשיון קבוע"
    },
    {
      "code": "3",
      "display": "תעודת הכרה זמנית"
    },
    {
      "code": "4",
      "display": "תעודת הכרה"
    },
    {
      "code": "5",
      "display": "תעודת מומחה"
    },
    {
      "code": "6",
      "display": "היתר מוגבל למומחה"
    },
    {
      "code": "7",
      "display": "סטז'"
    },
    {
      "code": "8",
      "display": "אישור הכרה"
    },
    {
      "code": "9",
      "display": "היתר לניהול מעבדה רפואית"
    },
    {
      "code": "10",
      "display": "היתר מוגבל למשתלם"
    },
    {
      "code": "11",
      "display": "הרשאה מוגבלת למומחה"
    },
    {
      "code": "12",
      "display": "פטור לתלמיד רפואה"
    },
    {
      "code": "13",
      "display": "תעודת מדריך"
    },
    {
      "code": "14",
      "display": "פטור לפי סעיף 59(14 שנה)"
    },
    {
      "code": "15",
      "display": "אישור לרכישת סטג' ל-6 חודשים"
    },
    {
      "code": "16",
      "display": "התקן תוך רחמי"
    },
    {
      "code": "17",
      "display": "העתק רשיון קבוע"
    },
    {
      "code": "18",
      "display": "העתק תעודת הכרה"
    },
    {
      "code": "19",
      "display": "היתר לתושבים זרים"
    },
    {
      "code": "20",
      "display": "הרשאה לסטז  לבוגרי חו\"ל"
    },
    {
      "code": "21",
      "display": "העתק רשיון למומחה"
    },
    {
      "code": "22",
      "display": "היתר מוגבל למומחה באופטלמולוגיה"
    },
    {
      "code": "23",
      "display": "היתר מוגבל למומחה בניתוחי לב ילדים"
    },
    {
      "code": "24",
      "display": "העתק תעודת מומחה-מדריך"
    },
    {
      "code": "25",
      "display": "רשיון בהיפנוזה"
    },
    {
      "code": "26",
      "display": "תעודת רישום"
    },
    {
      "code": "27",
      "display": "העתק רשיון זמני"
    },
    {
      "code": "28",
      "display": "תעודת יושר"
    },
    {
      "code": "29",
      "display": "ויזה"
    },
    {
      "code": "30",
      "display": "ויזה - התמחות ראשונית"
    },
    {
      "code": "31",
      "display": "היתר מיוחד להעסקה"
    },
    {
      "code": "32",
      "display": "העתק תעודת מקצוע - זמנית"
    },
    {
      "code": "33",
      "display": "העתק היתר לניהול מעבדה בתוך מערך המעבדות"
    },
    {
      "code": "34",
      "display": "אישור העסקה"
    },
    {
      "code": "60",
      "display": "היתר לניהול מעבדה בתוך מערך המעבדות"
    },
    {
      "code": "101",
      "display": "היתר מוגבל למוסדות"
    },
    {
      "code": "102",
      "display": "היתר זמני"
    },
    {
      "code": "103",
      "display": "תעודת רישום מוגבלת למתן דם"
    },
    {
      "code": "104",
      "display": "אישור הכנה ללידה"
    },
    {
      "code": "105",
      "display": "העתק אישור הכנה ללידה"
    },
    {
      "code": "106",
      "display": "אישור סיום מודולה מקצועית בסיעוד"
    },
    {
      "code": "108",
      "display": "אישור לימודים"
    },
    {
      "code": "109",
      "display": "היתר זמני מוגבל למזרח ירושלים"
    },
    {
      "code": "110",
      "display": "תעודת רישום קורס ע ב"
    },
    {
      "code": "111",
      "display": "העתק תעודת רישום לקורס ע.ב"
    },
    {
      "code": "112",
      "display": "אישור לחוץ לארץ"
    },
    {
      "code": "113",
      "display": "העתק תעודת רישום"
    },
    {
      "code": "114",
      "display": "היתר מוגבל בפיקוח"
    },
    {
      "code": "115",
      "display": "אישור הדרכה קלינית"
    },
    {
      "code": "116",
      "display": "העתק היתר זמני"
    },
    {
      "code": "117",
      "display": "העתק תעודת מדריך"
    },
    {
      "code": "118",
      "display": "העתק רשיון בהפנוזה"
    },
    {
      "code": "119",
      "display": "ת. רישום ע.ב מודולה מתקדמת"
    },
    {
      "code": "120",
      "display": "תעודת מקצוע"
    },
    {
      "code": "121",
      "display": "תעודת מקצוע - זמנית"
    },
    {
      "code": "122",
      "display": "אחות מומחית בטיפול תומך"
    },
    {
      "code": "124",
      "display": "היתר זמני לקורס על בסיסי"
    },
    {
      "code": "125",
      "display": "העתק תעודת מקצוע"
    },
    {
      "code": "126",
      "display": "טופס השלמה לתעודת יושר"
    },
    {
      "code": "127",
      "display": "הרשאה לסטז' לבוגרי הארץ"
    },
    {
      "code": "128",
      "display": "היתר מוגבל"
    },
    {
      "code": "129",
      "display": "אישור מחנך"
    },
    {
      "code": "130",
      "display": "אישור לקנביס"
    },
    {
      "code": "131",
      "display": "תעודת הסמכה"
    },
    {
      "code": "132",
      "display": "אישור לטיפול בהרדמה"
    },
    {
      "code": "133",
      "display": "רשיון זמני לעבודה בפיקוח"
    },
    {
      "code": "134",
      "display": "היתר מוגבל- היפנוזה"
    },
    {
      "code": "135",
      "display": "אישור תיירות מרפא"
    },
    {
      "code": "136",
      "display": "אישור הדרכה קלינית למומחיות"
    },
    {
      "code": "137",
      "display": "תעודת ספורט"
    },
    {
      "code": "138",
      "display": "היתר מוגבל להתנסות"
    },
    {
      "code": "139",
      "display": "אישור סדציה לילדים"
    },
    {
      "code": "140",
      "display": "אישור סדציה למבוגרים"
    },
    {
      "code": "141",
      "display": "היתר זמני לפסיכולוגיה"
    },
    {
      "code": "142",
      "display": "היתר זמני - קורונה"
    },
    {
      "code": "143",
      "display": "תעודת הסמכה - אקמו"
    }
  ],
  "valueSet": "http://fhir.health.gov.il/ValueSet/practitioner-certificate-type",
  "caseSensitive": false,
  "experimental": false,
  "count": 76
}
