{
  "resourceType": "CodeSystem",
  "status": "draft",
  "content": "complete",
  "name": "PractitionerExpertiseMoH",
  "id": "practitioner-expertise-moh",
  "title": "קוד מומחיות לעוסק בבריאות",
  "description": "קוד מומחיות לעוסק בבריאות לפי רישוי משרד הבריאות",
  "version": "0.10.1",
  "url": "http://fhir.health.gov.il/cs/practitioner-expertise-moh",
  "concept": [
    {
      "code": "-999",
      "display": "לא ידוע",
      "definition": "ערך ברירת מחדל במקרה שערך המומחיות לא קיים מאחר הגיע ריק",
      "property": [
        {
          "code": "status",
          "valueCode": "deprecated"
        }
      ]
    },
    {
      "code": "0",
      "display": "ללא התמחות",
      "definition": "ערך ברירת מחדל כאשר ידוע כי לאיש המקצוע אין מומחיות מיוחדת במקצוע שלו"
    },
    {
      "code": "1",
      "display": "רפואה פנימית",
      "definition": "מומחיות ברפואה פנימית שייכת למקצוע הרפואה (אך יכולה להיות בשימוש למקצועות אחרים)"
    },
    {
      "code": "2",
      "display": "קרדיולוגיה",
      "definition": "מומחיות בקרדיולוגיה שייכת למקצוע הרפואה (אך יכולה להיות בשימוש למקצועות אחרים)"
    },
    {
      "code": "3",
      "display": "המטולוגיה",
      "definition": "מומחיות בהמטולוגיה שייכת למקצוע הרפואה (אך יכולה להיות בשימוש למקצועות אחרים)"
    },
    {
      "code": "4",
      "display": "אלרגולוגיה ואימונולוגיה קלינית",
      "definition": "מומחיות באלרגולוגיה ואימונולוגיה קלינית שייכת למקצוע הרפואה (אך יכולה להיות בשימוש למקצועות אחרים)"
    },
    {
      "code": "5",
      "display": "מחלות ריאה",
      "definition": "מומחיות במחלות ריאה שייכת למקצוע הרפואה (אך יכולה להיות בשימוש למקצועות אחרים)"
    },
    {
      "code": "6",
      "display": "גסטרואנטרולוגיה",
      "definition": "מומחיות בגסטרואנטרולוגיה שייכת למקצוע הרפואה (אך יכולה להיות בשימוש למקצועות אחרים)"
    },
    {
      "code": "7",
      "display": "אנדוקרינולוגיה",
      "definition": "מומחיות באנדוקרינולוגיה שייכת למקצוע הרפואה (אך יכולה להיות בשימוש למקצועות אחרים)"
    },
    {
      "code": "8",
      "display": "נפרולוגיה",
      "definition": "מומחיות בנפרולוגיה שייכת למקצוע הרפואה (אך יכולה להיות בשימוש למקצועות אחרים)"
    },
    {
      "code": "9",
      "display": "רפואת ילדים",
      "definition": "מומחיות ברפואת ילדים שייכת למקצוע הרפואה (אך יכולה להיות בשימוש למקצועות אחרים)"
    },
    {
      "code": "10",
      "display": "נוירולוגיה",
      "definition": "מומחיות בנוירולוגיה שייכת למקצוע הרפואה (אך יכולה להיות בשימוש למקצועות אחרים)"
    },
    {
      "code": "11",
      "display": "פסיכיאטריה",
      "definition": "מומחיות בפסיכיאטריה שייכת לתחום בריאות הנפשב במקצוע הרפואה (אך יכולה להיות בשימוש למקצועות אחרים)"
    },
    {
      "code": "12",
      "display": "כירורגיה כללית",
      "definition": "מומחיות בכירורגיה כללית שייכת לתחום הכירורגיה במקצוע הרפואה (אך יכולה להיות בשימוש למקצועות אחרים)"
    },
    {
      "code": "13",
      "display": "נוירוכירורגיה",
      "definition": "מומחיות בנוירוכירורגיה שייכת לתחום הכירורגיה במקצוע הרפואה (אך יכולה להיות בשימוש למקצועות אחרים)"
    },
    {
      "code": "14",
      "display": "כירורגיה של בית החזה",
      "definition": "מומחיות בכירורגיה של בית החזה שייכת לתחום הכירורגיה במקצוע הרפואה (אך יכולה להיות בשימוש למקצועות אחרים)"
    },
    {
      "code": "15",
      "display": "כירורגיה אורתופדית",
      "definition": "מומחיות בכירורגיה אורתופדית שייכת לתחום הכירורגיה במקצוע הרפואה (אך יכולה להיות בשימוש למקצועות אחרים)"
    },
    {
      "code": "16",
      "display": "כירורגיה פלסטית",
      "definition": "מומחיות בכירורגיה פלסטית שייכת לתחום הכירורגיה במקצוע הרפואה (אך יכולה להיות בשימוש למקצועות אחרים)"
    },
    {
      "code": "17",
      "display": "כירורגיה אורולוגית",
      "definition": "מומחיות בכירורגיה אורולוגית שייכת לתחום הכירורגיה במקצוע הרפואה (אך יכולה להיות בשימוש למקצועות אחרים)"
    },
    {
      "code": "18",
      "display": "דרמטולוגיה-מחלות עור ומין",
      "definition": "מומחיות בדרמטולוגיה-מחלות עור ומין שייכת למקצוע הרפואה (אך יכולה להיות בשימוש למקצועות אחרים)"
    },
    {
      "code": "19",
      "display": "מחלות אף אוזן וגרון",
      "definition": "מומחיות במחלות אף אוזן וגרון שייכת למקצוע הרפואה (אך יכולה להיות בשימוש למקצועות אחרים)"
    },
    {
      "code": "20",
      "display": "מחלות עיניים",
      "definition": "מומחיות במחלות עיניים שייכת למקצוע הרפואה (אך יכולה להיות בשימוש למקצועות אחרים)"
    },
    {
      "code": "21",
      "display": "הרדמה",
      "definition": "מומחיות בהרדמה שייכת למקצוע הרפואה ולמקצוע רפואת שיניים (אך יכולה להיות בשימוש למקצועות אחרים)"
    },
    {
      "code": "22",
      "display": "יילוד וגינקולוגיה",
      "definition": "מומחיות ביילוד וגינקולוגיה שייכת למקצוע הרפואה (אך יכולה להיות בשימוש למקצועות אחרים)"
    },
    {
      "code": "23",
      "display": "רדיולוגיה אבחנתית",
      "definition": "מומחיות ברדיולוגיה אבחנתית שייכת למקצוע הרפואה (אך יכולה להיות בשימוש למקצועות אחרים)"
    },
    {
      "code": "24",
      "display": "אונקולוגיה",
      "definition": "מומחיות באונקולוגיה שייכת למקצוע הרפואה (אך יכולה להיות בשימוש למקצועות אחרים)"
    },
    {
      "code": "25",
      "display": "רפואת המשפחה",
      "definition": "מומחיות ברפואת המשפחה שייכת למקצוע הרפואה (אך יכולה להיות בשימוש למקצועות אחרים)"
    },
    {
      "code": "26",
      "display": "בריאות הציבור",
      "definition": "מומחיות בבריאות הציבור שייכת למקצוע הרפואה (אך יכולה להיות בשימוש למקצועות אחרים)"
    },
    {
      "code": "27",
      "display": "רפואה פיסיקלית ושיקום",
      "definition": "מומחיות ברפואה פיסיקלית ושיקום שייכת למקצוע הרפואה (אך יכולה להיות בשימוש למקצועות אחרים)"
    },
    {
      "code": "28",
      "display": "מיקרוביולוגיה קלינית",
      "definition": "מומחיות במיקרוביולוגיה קלינית שייכת למקצוע הרפואה (אך יכולה להיות בשימוש למקצועות אחרים)"
    },
    {
      "code": "29",
      "display": "כימיה קלינית",
      "definition": "מומחיות בכימיה קלינית שייכת למקצוע הרפואה (אך יכולה להיות בשימוש למקצועות אחרים)"
    },
    {
      "code": "30",
      "display": "אנטומיה פתולוגית",
      "definition": "מומחיות באנטומיה פתולוגית שייכת למקצוע הרפואה (אך יכולה להיות בשימוש למקצועות אחרים)"
    },
    {
      "code": "31",
      "display": "רפואה גרעינית",
      "definition": "מומחיות ברפואה גרעינית שייכת למקצוע הרפואה (אך יכולה להיות בשימוש למקצועות אחרים)"
    },
    {
      "code": "32",
      "display": "גריאטריה",
      "definition": "מומחיות בגריאטריה שייכת למקצוע הרפואה (אך יכולה להיות בשימוש למקצועות אחרים)"
    },
    {
      "code": "33",
      "display": "רפואה משפטית",
      "definition": "מומחיות ברפואה משפטית שייכת למקצוע הרפואה (אך יכולה להיות בשימוש למקצועות אחרים)"
    },
    {
      "code": "34",
      "display": "פסיכיאטריה של הילד והמתבגר",
      "definition": "מומחיות בפסיכיאטריה של הילד והמתבגר שייכת לתחום בריאות הנפש במקצוע הרפואה (אך יכולה להיות בשימוש למקצועות אחרים)"
    },
    {
      "code": "35",
      "display": "מנהל רפואי",
      "definition": "מומחיות במנהל רפואי שייכת למקצוע הרפואה (אך יכולה להיות בשימוש למקצועות אחרים)"
    },
    {
      "code": "36",
      "display": "גנטיקה רפואית",
      "definition": "מומחיות בגנטיקה רפואית שייכת למקצוע הרפואה (אך יכולה להיות בשימוש למקצועות אחרים)"
    },
    {
      "code": "37",
      "display": "ניאונטולוגיה",
      "definition": "מומחיות בניאונטולוגיה שייכת למקצוע הרפואה (אך יכולה להיות בשימוש למקצועות אחרים)"
    },
    {
      "code": "38",
      "display": "כירורגית ילדים",
      "definition": "מומחיות בכירורגית ילדים שייכת לתחום הכירורגיה במקצוע הרפואה (אך יכולה להיות בשימוש למקצועות אחרים)"
    },
    {
      "code": "39",
      "display": "כירורגיית פה ולסתות",
      "definition": "מומחיות בכירורגיית פה ולסתות שייכת למקצוע רפואת השיניים (אך יכולה להיות בשימוש למקצועות אחרים)"
    },
    {
      "code": "40",
      "display": "פדודונטיה (רפואת שיניים לילדים)",
      "definition": "מומחיות בפדודונטיה (רפואת שיניים לילדים) שייכת למקצוע תרפואת השיניים"
    },
    {
      "code": "41",
      "display": "אורתודונטיה",
      "definition": "מומחיות באורתודונטיה שייכת למקצוע רפואת השיניים"
    },
    {
      "code": "42",
      "display": "פריודונטיה",
      "definition": "מומחיות בפריודונטיה שייכת למקצוע רפואת השיניים"
    },
    {
      "code": "43",
      "display": "אנדודונטיה",
      "definition": "מומחיות באנדודונטיה שייכת למקצוע רפואת השיניים"
    },
    {
      "code": "44",
      "display": "רפואת שיניים ציבורית",
      "definition": "מומחיות ברפואת שיניים ציבורית שייכת למקצוע רפואת השיניים"
    },
    {
      "code": "45",
      "display": "רפואת הפה",
      "definition": "מומחיות ברפואת הפה שייכת למקצוע רפואת השיניים"
    },
    {
      "code": "46",
      "display": "פתולוגיה אורלית",
      "definition": "מומחיות באורתודונטיה שייכת למקצוע רפואת השיניים"
    },
    {
      "code": "47",
      "display": "שיקום פרוסתודונטי(שיקום הפה)",
      "definition": "מומחיות בשיקום פרוסתודונטי(שיקום הפה) שייכת למקצוע רפואת השיניים"
    },
    {
      "code": "48",
      "display": "ראומטולוגיה",
      "definition": "מומחיות בראומטולוגיה שייכת למקצוע הרפואה (אך יכולה להיות בשימוש למקצועות אחרים)"
    },
    {
      "code": "49",
      "display": "כירורגית חזה ולב",
      "definition": "מומחיות בכירורגית חזה ולב שייכת לתחום הכירורגיה במקצוע הרפואה (אך יכולה להיות בשימוש למקצועות אחרים)"
    },
    {
      "code": "51",
      "display": "כירורגית כלי דם",
      "definition": "מומחיות בכירורגית כלי דם שייכת לתחום הכירורגיה במקצוע הרפואה (אך יכולה להיות בשימוש למקצועות אחרים)"
    },
    {
      "code": "52",
      "display": "כירורגיה של היד",
      "definition": "מומחיתו בכירורגיה של היד שייכת לתחום הכירורגיה במקצוע הרפואה (אך יכולה להיות בשימוש למקצועות אחרים)"
    },
    {
      "code": "53",
      "display": "פסיכולוגיה חברתית-תעסוקתית-ארגונית",
      "definition": "מומחיות בפסיכולוגיה חברתית-תעסוקתית-ארגונית שייכת לתחום בריאות הנפש במקצוע הפסיכולוג"
    },
    {
      "code": "54",
      "display": "פסיכולוגיה חינוכית",
      "definition": "מומחיות בפסיכולוגיה חינוכית שייכת לתחום בריאות הנפש במקצוע הפסיכולוג"
    },
    {
      "code": "55",
      "display": "פסיכולוגיה קלינית",
      "definition": "מומחיות בפסיכולוגיה קלינית שייכת לתחום בריאות הנפש במקצוע הפסיכולוג"
    },
    {
      "code": "56",
      "display": "פסיכולוגיה קלינית באבחון",
      "definition": "מומחיות בפסיכולוגיה קלינית באבחון שייכת לתחום בריאות הנפש במקצוע הפסיכולוג"
    },
    {
      "code": "57",
      "display": "פסיכולוגיה קלינית בטיפול",
      "definition": "מומחיות בפסיכולוגיה קלינית בטיפול שייכת לתחום בריאות הנפש במקצוע הפסיכולוג"
    },
    {
      "code": "58",
      "display": "פסיכולוגיה שיקומית",
      "definition": "מומחיות בפסיכולוגיה שיקומית שייכת לתחום בריאות הנפש במקצוע הפסיכולוג"
    },
    {
      "code": "59",
      "display": "רפואה תעסוקתית שייכת למקצוע הרפואה",
      "definition": "מומחיות ברפואה תעסוקתית"
    },
    {
      "code": "60",
      "display": "פסיכולוגיה התפתחותית",
      "definition": "פסיכולוגיה התפתחותית שייכת לתחום בריאות הנפש במקצוע הפסיכולוג"
    },
    {
      "code": "61",
      "display": "פסיכולוגיה קלינית באבחון ובטיפול",
      "definition": "פסיכולוגיה קלינית באבחון ובטיפול שייכת לתחום בריאות הנפש במקצוע הפסיכולוג"
    },
    {
      "code": "63",
      "display": "מקצועות מעבדה קליניים",
      "definition": "מומחיות במקצועות מעבדה קליניים שייכת למקצוע הרפואה"
    },
    {
      "code": "64",
      "display": "מחלות זיהומיות",
      "definition": "מומחיות במחלות זיהומיות שייכת למקצוע הרפואה"
    },
    {
      "code": "65",
      "display": "טיפול נמרץ כללי",
      "definition": "מומחיות בטיפול נמרץ כללי  שייכת למקצוע הרפואה"
    },
    {
      "code": "66",
      "display": "נוירולוגיית ילדים",
      "definition": "מומחיות בנוירולוגיית ילדים שייכת למקצוע הרפואה"
    },
    {
      "code": "67",
      "display": "גאסטרואנטרולוגיה ילדים",
      "definition": "מומחיות בגאסטרואנטרולוגיה ילדים שייכת למקצוע הרפואה"
    },
    {
      "code": "68",
      "display": "מחלות ריאה ילדים",
      "definition": "מומחיות במחלות ריאה ילדים שייכת למקצוע הרפואה"
    },
    {
      "code": "69",
      "display": "הימטואונקולוגיה ילדים",
      "definition": "מומחיות בהימטואונקולוגיה ילדים שייכת למקצוע הרפואה"
    },
    {
      "code": "70",
      "display": "קרדיולוגיה ילדים",
      "definition": "מומחיות בקרדיולוגיה ילדים שייכת למקצוע הרפואה"
    },
    {
      "code": "71",
      "display": "אימונולוגיה קלינית ילדים",
      "definition": "מומחיות באימונולוגיה קלינית ילדים שייכת למקצוע הרפואה"
    },
    {
      "code": "72",
      "display": "אלרגולוגיה ילדים",
      "definition": "מומחיות באלרגולוגיה ילדים שייכת למקצוע הרפואה"
    },
    {
      "code": "73",
      "display": "נפרולוגיה ילדים",
      "definition": "מומחיות בנפרולוגיה ילדים שייכת למקצוע הרפואה"
    },
    {
      "code": "74",
      "display": "אנדוקרינולוגיה ילדים",
      "definition": "מומחיות באנדוקרינולוגיה ילדים שייכת למקצוע הרפואה"
    },
    {
      "code": "75",
      "display": "איבחון או טיפול רפואי",
      "definition": "מומחיות באיבחון או טיפול רפואי  שייכת למקצוע הרפואה וכמו כן למקצוע רפואת השיניים"
    },
    {
      "code": "76",
      "display": "איבחון או טיפול פסיכולוגי",
      "definition": "מומחיות באיבחון או טיפול פסיכולוגי שייכת לתחום בריאות הנפש במקצוע הפסיכולוג"
    },
    {
      "code": "77",
      "display": "מחקר מדעי בהיפנוזה",
      "definition": "מומחיות במחקר מדעי בהיפנוזה שייכת למקצוע הרפואה למקצוע רפואת השיניים ולמקצוע הפסיכולוג"
    },
    {
      "code": "78",
      "display": "הוראה מדעית בתחום ההיפנוזה",
      "definition": "מומחיות בהוראה מדעית בתחום ההיפנוזה שייכת למקצוע הרפואה למקצוע רפואת השיניים ולמקצוע הפסיכולוג"
    },
    {
      "code": "79",
      "display": "רענון זכרון במהלך חקירה משטרתית/בטחונית",
      "definition": "מומחיות ברענון זכרון במהלך חקירה משטרתית/בטחונית  שייכת למקצוע הרפואה למקצוע רפואת השיניים ולמקצוע הפסיכולוג"
    },
    {
      "code": "80",
      "display": "טיפול נמרץ ילדים",
      "definition": "מומחיות בטיפול נמרץ ילדים שייכת למקצוע הרפואה"
    },
    {
      "code": "81",
      "display": "פרמקולוגיה קלינית",
      "definition": "מומחיות בפרמקולוגיה קלינית שייכת למקצוע הרפואה"
    },
    {
      "code": "82",
      "display": "רפואה דחופה",
      "definition": "מומחיות ברפואה דחופה שייכת למקצוע הרפואה"
    },
    {
      "code": "83",
      "display": "פסיכולוגיה רפואית",
      "definition": "מומחיות בפסיכולוגיה רפואית שייכת לתחום בריאות הנפש במקצוע הפסיכולוג"
    },
    {
      "code": "84",
      "display": "מחלות א.א.ג. וכירורגיית ראש-צוואר",
      "definition": "מומחיות במחלות א.א.ג. וכירורגיית ראש-צוואר  שייכת למקצוע הרפואה"
    },
    {
      "code": "85",
      "display": "כירורגית לב",
      "definition": "מומחיות בכירורגית לב שייכת לתחום הכירורגיה במקצוע הרפואה"
    },
    {
      "code": "86",
      "display": "שיקום הפה ושיקום פנים ולסתות",
      "definition": "מומחיות בשיקום הפה ושיקום פנים ולסתות שייכת למקצוע הרפואה"
    },
    {
      "code": "87",
      "display": "ציטוגנטיקה קלינית",
      "definition": "מומחיות בציטוגנטיקה קלינית שייכת למקצוע הגנטיקה קלינית- יעוץ גנטי"
    },
    {
      "code": "88",
      "display": "גנטיקה קלינית מוליקולרית/ביוכימית",
      "definition": "גנטיקה קלינית מוליקולרית/ביוכימית שייכת למקצוע הגנטיקה קלינית- יעוץ גנטי"
    },
    {
      "code": "89",
      "display": "ייעוץ גנטי",
      "definition": "מומחיות בייעוץ גנטי שייכך למקצוע הגנטיקה קלינית- יעוץ גנטי"
    },
    {
      "code": "90",
      "display": "נוירולוגית ילדים והתפתחות הילד",
      "definition": "מומחיות בנוירולוגית ילדים והתפתחות הילד שייכת למקצוע הרפואה"
    },
    {
      "code": "91",
      "display": "טיפול תומך",
      "definition": "מומחיות בטיפול תומך שייכת לתחום הסיעוד במקצוע אח/ות מוסמכ/ת"
    },
    {
      "code": "92",
      "display": "אונקולוגיה - מסלול אונקולוגיה רפואית",
      "definition": "מומחיות באונקולוגיה - מסלול אונקולוגיה רפואית שייכת למקצוע הרפואה"
    },
    {
      "code": "93",
      "display": "אונקולוגיה - מסלול רדיותרפיה",
      "definition": "מומחיות באונקולוגיה - מסלול רדיותרפיה שייכת למקצוע הרפואה"
    },
    {
      "code": "94",
      "display": "טיפול נמרץ קרדיולוגי",
      "definition": "מומחיות בטיפול נמרץ קרדיולוגי שייכת למקצוע הרפואה"
    },
    {
      "code": "95",
      "display": "כירורגית בית החזה - מסלול כירורגית חזה כללית",
      "definition": "מומחיות בכירורגית בית החזה - מסלול כירורגית חזה כללית שייכת לתחום הכירורגיה במקצוע הרפואה"
    },
    {
      "code": "96",
      "display": "כירורגית בית החזה - מסלול כירורגית לב וכירורגית חזה כללית",
      "definition": "מומחיות בכירורגית בית החזה - מסלול כירורגית לב וכירורגית חזה כללית שייכת לתחום הכירורגיה במקצוע הרפואה"
    },
    {
      "code": "97",
      "display": "כירורגית בית החזה - מסלול כירורגית לב",
      "definition": "מומחיות בכירורגית בית החזה - מסלול כירורגית לב שייכת לתחום הכירורגיה במקצוע הרפואה"
    },
    {
      "code": "98",
      "display": "רפואה לשיכוך כאב",
      "definition": "מומחיות ברפואה לשיכוך כאב שייכת למקצוע הרפואה"
    },
    {
      "code": "99",
      "display": "רפואה דחופה - מסלול מבוגרים",
      "definition": "מומחיות ברפואה דחופה - מסלול מבוגרים שייכת למקצוע הרפואה"
    },
    {
      "code": "100",
      "display": "רפואה דחופה - מסלול ילדים",
      "definition": "מומחיות ברפואה דחופה - מסלול ילדים שייכת למקצוע הרפואה"
    },
    {
      "code": "101",
      "display": "CBT פסיכותרפיה",
      "definition": "מומחיות בCBT פסיכותרפיה שייכת לתחום הסיעוד למקצוע אח/ות מוסמכ/ת"
    },
    {
      "code": "102",
      "display": "סוכרת",
      "definition": "מומחיות בסוכרת שייכת לתחום הסיעוד למקצוע אח/ות מוסמכ/ת"
    },
    {
      "code": "103",
      "display": "גריאטריה",
      "definition": "מומחיות בגריאטריה שייכת לתחום הסיעוד למקצוע אח/ות מוסמכ/ת"
    },
    {
      "code": "104",
      "display": "רפואה פליאטיבית",
      "definition": "מומחיות ברפואה פליאטיבית שייכת למקצוע הרפואה"
    },
    {
      "code": "105",
      "display": "בריאות הציבור מסלול אפידמיולוגיה",
      "definition": "מומחיות בבריאות הציבור מסלול אפידמיולוגיה שייכת למקצוע הרפואה"
    },
    {
      "code": "106",
      "display": "ביוכימיה קלינית",
      "definition": "מומחיות בביוכימיה קלינית שייכת למקצוע הרפואה"
    },
    {
      "code": "107",
      "display": "מחלות זיהומיות ילדים",
      "definition": "מומחיות במחלות זיהומיות ילדים שייכת למקצוע הרפואה"
    },
    {
      "code": "108",
      "display": "פגים",
      "definition": "מומחיות בפגים שייכת לתחום הסיעוד למקצוע אח/ות מוסמכ/ת"
    },
    {
      "code": "109",
      "display": "כירורגיה",
      "definition": "מומחיות בכירורגיה שייכת לתחום הסיעוד למקצוע אח/ות מוסמכ/ת"
    },
    {
      "code": "110",
      "display": "בריאות הציבור במסלול שירותים קהילתיים",
      "definition": "מומחיות בבריאות הציבור במסלול שירותים קהילתיים שייכת למקצוע הרפואה"
    },
    {
      "code": "112",
      "display": "כאב",
      "definition": "מומחיות בכאב שייכת לתחום הסיעוד למקצוע אח/ות מוסמכ/ת"
    },
    {
      "code": "113",
      "display": "שיקום",
      "definition": "מומחיות בשיקום שייכת לתחום הסיעוד למקצוע אח/ות מוסמכ/ת"
    },
    {
      "code": "114",
      "display": "מדיניות ומינהל בסיעוד",
      "definition": "מומחיות במדיניות ומינהל בסיעוד שייכת לתחום הסיעוד למקצוע אח/ות מוסמכ/ת"
    },
    {
      "code": "115",
      "display": "רפואה ראשונית",
      "definition": "מומחיות ברפואה ראשונית שייכת לתחום הסיעוד למקצוע אח/ות מוסמכ/ת"
    },
    {
      "code": "116",
      "display": "נוירופסיכאטריה",
      "definition": "מומחיות בנוירופסיכאטריה שייכת למקצוע הרפואה"
    },
    {
      "code": "117",
      "display": "ראומטולוגיה מסלול ילדים",
      "definition": "מומחיות בראומטולוגיה מסלול ילדים שייכת למקצוע הרפואה"
    },
    {
      "code": "150",
      "display": "פנימית",
      "definition": "מומחיות בפנימית שייכת לתחום הסיעוד למקצוע אח/ות מוסמכ/ת"
    }
  ],
  "valueSet": "http://fhir.health.gov.il/ValueSet/practitioner-expertise-moh",
  "caseSensitive": false,
  "experimental": false,
  "count": 117
}
