{
  "resourceType": "CodeSystem",
  "status": "draft",
  "content": "complete",
  "name": "HebrewDateDay",
  "id": "hebrew-date-day",
  "title": "Hebrew Date Day",
  "description": "Codes for Hebrew date days",
  "version": "0.10.1",
  "url": "http://fhir.health.gov.il/cs/hebrew-date-day",
  "concept": [
    {
      "code": "1",
      "display": "א'"
    },
    {
      "code": "2",
      "display": "ב'"
    },
    {
      "code": "3",
      "display": "ג'"
    },
    {
      "code": "4",
      "display": "ד'"
    },
    {
      "code": "5",
      "display": "ה'"
    },
    {
      "code": "6",
      "display": "ו'"
    },
    {
      "code": "7",
      "display": "ז'"
    },
    {
      "code": "8",
      "display": "ח'"
    },
    {
      "code": "9",
      "display": "ט'"
    },
    {
      "code": "10",
      "display": "י'"
    },
    {
      "code": "11",
      "display": "י\"א"
    },
    {
      "code": "12",
      "display": "י\"ב"
    },
    {
      "code": "13",
      "display": "י\"ג"
    },
    {
      "code": "14",
      "display": "י\"ד"
    },
    {
      "code": "15",
      "display": "ט\"ו"
    },
    {
      "code": "16",
      "display": "ט\"ז"
    },
    {
      "code": "17",
      "display": "י\"ז"
    },
    {
      "code": "18",
      "display": "י\"ח"
    },
    {
      "code": "19",
      "display": "י\"ט"
    },
    {
      "code": "20",
      "display": "כ'"
    },
    {
      "code": "21",
      "display": "כ\"א"
    },
    {
      "code": "22",
      "display": "כ\"ב"
    },
    {
      "code": "23",
      "display": "כ\"ג"
    },
    {
      "code": "24",
      "display": "כ\"ד"
    },
    {
      "code": "25",
      "display": "כ\"ה"
    },
    {
      "code": "26",
      "display": "כ\"ו"
    },
    {
      "code": "27",
      "display": "כ\"ז"
    },
    {
      "code": "28",
      "display": "כ\"ח"
    },
    {
      "code": "29",
      "display": "כ\"ט"
    },
    {
      "code": "30",
      "display": "ל'"
    }
  ],
  "valueSet": "http://fhir.health.gov.il/ValueSet/hebrew-date-day",
  "caseSensitive": false,
  "experimental": false,
  "count": 30
}
