{
  "resourceType": "CodeSystem",
  "status": "draft",
  "content": "complete",
  "name": "CitySymbol",
  "id": "city-symbol",
  "title": "City Symbol (סמל ישוב)",
  "description": "Codes for cities in Israel",
  "version": "0.10.1",
  "url": "http://fhir.health.gov.il/cs/city-symbol",
  "concept": [
    {
      "code": "0",
      "display": "לא רשום"
    },
    {
      "code": "7",
      "display": "שחר"
    },
    {
      "code": "10",
      "display": "תירוש"
    },
    {
      "code": "11",
      "display": "ניר ח\"ן"
    },
    {
      "code": "13",
      "display": "חצבה"
    },
    {
      "code": "15",
      "display": "נועם"
    },
    {
      "code": "16",
      "display": "בית ניר"
    },
    {
      "code": "18",
      "display": "שדה משה"
    },
    {
      "code": "21",
      "display": "באר אורה"
    },
    {
      "code": "22",
      "display": "מקווה ישראל"
    },
    {
      "code": "23",
      "display": "אמציה"
    },
    {
      "code": "24",
      "display": "לכיש"
    },
    {
      "code": "26",
      "display": "ראש פינה"
    },
    {
      "code": "27",
      "display": "שדות מיכה"
    },
    {
      "code": "28",
      "display": "מזכרת בתיה"
    },
    {
      "code": "29",
      "display": "יסוד המעלה"
    },
    {
      "code": "31",
      "display": "אופקים"
    },
    {
      "code": "32",
      "display": "עוצם"
    },
    {
      "code": "33",
      "display": "בת שלמה"
    },
    {
      "code": "35",
      "display": "גדות"
    },
    {
      "code": "36",
      "display": "שדה דוד"
    },
    {
      "code": "37",
      "display": "איתן"
    },
    {
      "code": "38",
      "display": "כרי דשא"
    },
    {
      "code": "39",
      "display": "גפן"
    },
    {
      "code": "41",
      "display": "אליכין"
    },
    {
      "code": "43",
      "display": "מטולה"
    },
    {
      "code": "44",
      "display": "זוהר"
    },
    {
      "code": "46",
      "display": "יבנאל"
    },
    {
      "code": "47",
      "display": "כפר תבור"
    },
    {
      "code": "48",
      "display": "מנחמיה"
    },
    {
      "code": "49",
      "display": "אילניה"
    },
    {
      "code": "52",
      "display": "לוזית"
    },
    {
      "code": "53",
      "display": "עתלית"
    },
    {
      "code": "55",
      "display": "נוגה"
    },
    {
      "code": "57",
      "display": "כנרת (קבוצה)"
    },
    {
      "code": "58",
      "display": "מצפה"
    },
    {
      "code": "59",
      "display": "נחושה"
    },
    {
      "code": "62",
      "display": "דגניה א'"
    },
    {
      "code": "63",
      "display": "כנרת (מושבה)"
    },
    {
      "code": "64",
      "display": "יד רמב\"ם"
    },
    {
      "code": "65",
      "display": "מגדל"
    },
    {
      "code": "66",
      "display": "מרחביה (קיבוץ)"
    },
    {
      "code": "67",
      "display": "אור הנר"
    },
    {
      "code": "69",
      "display": "ניר עוז"
    },
    {
      "code": "70",
      "display": "אשדוד"
    },
    {
      "code": "71",
      "display": "אשבול"
    },
    {
      "code": "72",
      "display": "גן שמואל"
    },
    {
      "code": "74",
      "display": "עין הוד"
    },
    {
      "code": "76",
      "display": "כפר גלעדי"
    },
    {
      "code": "77",
      "display": "איילת השחר"
    },
    {
      "code": "78",
      "display": "קרית ענבים"
    },
    {
      "code": "79",
      "display": "דגניה ב'"
    },
    {
      "code": "80",
      "display": "נהלל"
    },
    {
      "code": "82",
      "display": "עין חרוד (מאוחד)"
    },
    {
      "code": "84",
      "display": "תל יוסף"
    },
    {
      "code": "85",
      "display": "כפר יחזקאל"
    },
    {
      "code": "86",
      "display": "גבע"
    },
    {
      "code": "88",
      "display": "כרם בן שמן"
    },
    {
      "code": "89",
      "display": "עין חרוד (איחוד)"
    },
    {
      "code": "90",
      "display": "חפצי-בה"
    },
    {
      "code": "92",
      "display": "גיניגר"
    },
    {
      "code": "94",
      "display": "בלפוריה"
    },
    {
      "code": "95",
      "display": "בית אלפא"
    },
    {
      "code": "96",
      "display": "יגור"
    },
    {
      "code": "97",
      "display": "מרחביה (מושב)"
    },
    {
      "code": "98",
      "display": "כפר מל\"ל"
    },
    {
      "code": "99",
      "display": "מצפה רמון"
    },
    {
      "code": "102",
      "display": "מאיר שפיה"
    },
    {
      "code": "103",
      "display": "תל עדשים"
    },
    {
      "code": "104",
      "display": "מזרע"
    },
    {
      "code": "106",
      "display": "כפר גדעון"
    },
    {
      "code": "107",
      "display": "כפר סילבר"
    },
    {
      "code": "112",
      "display": "כפר חסידים א'"
    },
    {
      "code": "113",
      "display": "אדירים"
    },
    {
      "code": "115",
      "display": "חופית"
    },
    {
      "code": "122",
      "display": "רמת ישי"
    },
    {
      "code": "126",
      "display": "שריד"
    },
    {
      "code": "127",
      "display": "רמת רחל"
    },
    {
      "code": "128",
      "display": "גת רימון"
    },
    {
      "code": "130",
      "display": "משמר העמק"
    },
    {
      "code": "132",
      "display": "כפר ברוך"
    },
    {
      "code": "133",
      "display": "גבת"
    },
    {
      "code": "134",
      "display": "יפעת"
    },
    {
      "code": "135",
      "display": "רמת דוד"
    },
    {
      "code": "139",
      "display": "עין שמר"
    },
    {
      "code": "140",
      "display": "כפר יהושע"
    },
    {
      "code": "141",
      "display": "ברק"
    },
    {
      "code": "142",
      "display": "שדה יעקב"
    },
    {
      "code": "143",
      "display": "בית זרע"
    },
    {
      "code": "144",
      "display": "גן שלמה"
    },
    {
      "code": "145",
      "display": "גדיש"
    },
    {
      "code": "146",
      "display": "דבורה"
    },
    {
      "code": "147",
      "display": "גבעת ברנר"
    },
    {
      "code": "154",
      "display": "תל מונד"
    },
    {
      "code": "155",
      "display": "באר טוביה"
    },
    {
      "code": "156",
      "display": "עיינות"
    },
    {
      "code": "157",
      "display": "עין ורד"
    },
    {
      "code": "158",
      "display": "נען"
    },
    {
      "code": "159",
      "display": "בית חנן"
    },
    {
      "code": "160",
      "display": "חולדה"
    },
    {
      "code": "162",
      "display": "חירות"
    },
    {
      "code": "163",
      "display": "תימורים"
    },
    {
      "code": "164",
      "display": "מלאה"
    },
    {
      "code": "165",
      "display": "ניר יפה"
    },
    {
      "code": "166",
      "display": "גן יבנה"
    },
    {
      "code": "167",
      "display": "עין החורש"
    },
    {
      "code": "168",
      "display": "כפר יונה"
    },
    {
      "code": "170",
      "display": "כפר יעבץ"
    },
    {
      "code": "171",
      "display": "פרדסיה"
    },
    {
      "code": "173",
      "display": "גבעת חיים (מאוחד)"
    },
    {
      "code": "174",
      "display": "נטעים"
    },
    {
      "code": "175",
      "display": "אביחיל"
    },
    {
      "code": "176",
      "display": "אפיקים"
    },
    {
      "code": "177",
      "display": "כפר ביל\"ו"
    },
    {
      "code": "178",
      "display": "רמת יוחנן"
    },
    {
      "code": "182",
      "display": "אבן יהודה"
    },
    {
      "code": "183",
      "display": "ירקונה"
    },
    {
      "code": "184",
      "display": "רמת הכובש"
    },
    {
      "code": "186",
      "display": "נעורים"
    },
    {
      "code": "187",
      "display": "כפר הס"
    },
    {
      "code": "188",
      "display": "אשדות יעקב (מאוחד)"
    },
    {
      "code": "189",
      "display": "כפר פינס"
    },
    {
      "code": "190",
      "display": "כפר ויתקין"
    },
    {
      "code": "191",
      "display": "הדר עם"
    },
    {
      "code": "192",
      "display": "כפר החורש"
    },
    {
      "code": "193",
      "display": "כפר חיים"
    },
    {
      "code": "194",
      "display": "משמר השרון"
    },
    {
      "code": "195",
      "display": "קדימה-צורן"
    },
    {
      "code": "196",
      "display": "גיבתון"
    },
    {
      "code": "197",
      "display": "מעברות"
    },
    {
      "code": "198",
      "display": "צופית"
    },
    {
      "code": "199",
      "display": "אשדות יעקב (איחוד)"
    },
    {
      "code": "200",
      "display": "בית ינאי"
    },
    {
      "code": "202",
      "display": "בית עובד"
    },
    {
      "code": "204",
      "display": "אלישיב"
    },
    {
      "code": "205",
      "display": "חגלה"
    },
    {
      "code": "206",
      "display": "רמות השבים"
    },
    {
      "code": "207",
      "display": "גבעת ח\"ן"
    },
    {
      "code": "208",
      "display": "מוצא עילית"
    },
    {
      "code": "212",
      "display": "בית צבי"
    },
    {
      "code": "213",
      "display": "משמרות"
    },
    {
      "code": "217",
      "display": "כפר הרא\"ה"
    },
    {
      "code": "218",
      "display": "גני עם"
    },
    {
      "code": "219",
      "display": "חיבת ציון"
    },
    {
      "code": "220",
      "display": "כפר ביאליק"
    },
    {
      "code": "223",
      "display": "עין עירון"
    },
    {
      "code": "224",
      "display": "שושנת העמקים"
    },
    {
      "code": "225",
      "display": "גן השומרון"
    },
    {
      "code": "229",
      "display": "גני תקווה"
    },
    {
      "code": "230",
      "display": "מעש"
    },
    {
      "code": "232",
      "display": "שפיים"
    },
    {
      "code": "233",
      "display": "כפר ידידיה"
    },
    {
      "code": "234",
      "display": "ביצרון"
    },
    {
      "code": "235",
      "display": "חבצלת השרון"
    },
    {
      "code": "237",
      "display": "שער העמקים"
    },
    {
      "code": "239",
      "display": "גן חיים"
    },
    {
      "code": "240",
      "display": "יקנעם עילית"
    },
    {
      "code": "241",
      "display": "יקנעם (מושבה)"
    },
    {
      "code": "242",
      "display": "בית השיטה"
    },
    {
      "code": "246",
      "display": "נתיבות"
    },
    {
      "code": "247",
      "display": "רשפון"
    },
    {
      "code": "248",
      "display": "בית שערים"
    },
    {
      "code": "249",
      "display": "כפר סירקין"
    },
    {
      "code": "250",
      "display": "הזורע"
    },
    {
      "code": "252",
      "display": "ביתן אהרן"
    },
    {
      "code": "253",
      "display": "חולתה"
    },
    {
      "code": "254",
      "display": "כפר המכבי"
    },
    {
      "code": "255",
      "display": "כפר חיטים"
    },
    {
      "code": "256",
      "display": "ניר דוד (תל עמל)"
    },
    {
      "code": "257",
      "display": "נופך"
    },
    {
      "code": "259",
      "display": "שדה נחום"
    },
    {
      "code": "262",
      "display": "גינוסר"
    },
    {
      "code": "263",
      "display": "מסדה"
    },
    {
      "code": "264",
      "display": "שער הגולן"
    },
    {
      "code": "265",
      "display": "בית יוסף"
    },
    {
      "code": "267",
      "display": "כפר שמריהו"
    },
    {
      "code": "268",
      "display": "טירת צבי"
    },
    {
      "code": "269",
      "display": "מולדת"
    },
    {
      "code": "270",
      "display": "עין השופט"
    },
    {
      "code": "272",
      "display": "מעוז חיים"
    },
    {
      "code": "273",
      "display": "עין גב"
    },
    {
      "code": "274",
      "display": "כפר מנחם"
    },
    {
      "code": "276",
      "display": "צור משה"
    },
    {
      "code": "278",
      "display": "אושה"
    },
    {
      "code": "280",
      "display": "חניתה"
    },
    {
      "code": "281",
      "display": "פקיעין חדשה"
    },
    {
      "code": "282",
      "display": "שבי ציון"
    },
    {
      "code": "284",
      "display": "שדה ורבורג"
    },
    {
      "code": "285",
      "display": "אלונים"
    },
    {
      "code": "286",
      "display": "מעלה החמישה"
    },
    {
      "code": "287",
      "display": "תל יצחק"
    },
    {
      "code": "288",
      "display": "בית יהושע"
    },
    {
      "code": "289",
      "display": "עין המפרץ"
    },
    {
      "code": "290",
      "display": "מעין צבי"
    },
    {
      "code": "292",
      "display": "שרונה"
    },
    {
      "code": "293",
      "display": "שדה יואב"
    },
    {
      "code": "294",
      "display": "אילון"
    },
    {
      "code": "295",
      "display": "כפר רופין"
    },
    {
      "code": "296",
      "display": "נווה איתן"
    },
    {
      "code": "297",
      "display": "כפר מסריק"
    },
    {
      "code": "298",
      "display": "מסילות"
    },
    {
      "code": "300",
      "display": "דליה"
    },
    {
      "code": "301",
      "display": "בית עוזיאל"
    },
    {
      "code": "302",
      "display": "דפנה"
    },
    {
      "code": "303",
      "display": "דן"
    },
    {
      "code": "304",
      "display": "שדה אליהו"
    },
    {
      "code": "305",
      "display": "גשר"
    },
    {
      "code": "306",
      "display": "שדמות דבורה"
    },
    {
      "code": "307",
      "display": "הזורעים"
    },
    {
      "code": "308",
      "display": "מחניים"
    },
    {
      "code": "309",
      "display": "נהורה"
    },
    {
      "code": "310",
      "display": "כפר גליקסון"
    },
    {
      "code": "311",
      "display": "גן שורק"
    },
    {
      "code": "312",
      "display": "נווה ים"
    },
    {
      "code": "313",
      "display": "אפק"
    },
    {
      "code": "315",
      "display": "נגבה"
    },
    {
      "code": "316",
      "display": "כפר נטר"
    },
    {
      "code": "317",
      "display": "בית אורן"
    },
    {
      "code": "318",
      "display": "עמיעוז"
    },
    {
      "code": "319",
      "display": "עמיר"
    },
    {
      "code": "320",
      "display": "כפר ורבורג"
    },
    {
      "code": "322",
      "display": "בית הלל"
    },
    {
      "code": "324",
      "display": "שאר ישוב"
    },
    {
      "code": "325",
      "display": "מצובה"
    },
    {
      "code": "326",
      "display": "בית יצחק-שער חפר"
    },
    {
      "code": "327",
      "display": "שדות ים"
    },
    {
      "code": "328",
      "display": "עזוז"
    },
    {
      "code": "329",
      "display": "שדה נחמיה"
    },
    {
      "code": "330",
      "display": "אלומות"
    },
    {
      "code": "331",
      "display": "ניר צבי"
    },
    {
      "code": "334",
      "display": "קבוצת יבנה"
    },
    {
      "code": "335",
      "display": "רמת השופט"
    },
    {
      "code": "336",
      "display": "דורות"
    },
    {
      "code": "338",
      "display": "איבים"
    },
    {
      "code": "339",
      "display": "רמת צבי"
    },
    {
      "code": "340",
      "display": "גת (קיבוץ)"
    },
    {
      "code": "342",
      "display": "גברעם"
    },
    {
      "code": "343",
      "display": "חמדיה"
    },
    {
      "code": "344",
      "display": "מענית"
    },
    {
      "code": "345",
      "display": "כפר סאלד"
    },
    {
      "code": "346",
      "display": "גליל ים"
    },
    {
      "code": "347",
      "display": "מנרה"
    },
    {
      "code": "348",
      "display": "ניר עם"
    },
    {
      "code": "351",
      "display": "ניצן"
    },
    {
      "code": "352",
      "display": "גבולות"
    },
    {
      "code": "353",
      "display": "בית זיד"
    },
    {
      "code": "354",
      "display": "רביבים"
    },
    {
      "code": "355",
      "display": "חורשים"
    },
    {
      "code": "356",
      "display": "הגושרים"
    },
    {
      "code": "357",
      "display": "כפר בלום"
    },
    {
      "code": "358",
      "display": "יד מרדכי"
    },
    {
      "code": "359",
      "display": "ניצנים"
    },
    {
      "code": "360",
      "display": "גבעת ניל\"י"
    },
    {
      "code": "362",
      "display": "רוחמה"
    },
    {
      "code": "363",
      "display": "חפץ חיים"
    },
    {
      "code": "364",
      "display": "כפר אוריה"
    },
    {
      "code": "365",
      "display": "בית קשת"
    },
    {
      "code": "366",
      "display": "שמיר"
    },
    {
      "code": "367",
      "display": "עין העמק"
    },
    {
      "code": "368",
      "display": "ביריה"
    },
    {
      "code": "369",
      "display": "גלעד (אבן יצחק)"
    },
    {
      "code": "370",
      "display": "גזר"
    },
    {
      "code": "371",
      "display": "כדורי"
    },
    {
      "code": "372",
      "display": "רמות נפתלי"
    },
    {
      "code": "373",
      "display": "בית הלוי"
    },
    {
      "code": "374",
      "display": "חוקוק"
    },
    {
      "code": "375",
      "display": "מגל"
    },
    {
      "code": "376",
      "display": "עברון"
    },
    {
      "code": "377",
      "display": "המעפיל"
    },
    {
      "code": "378",
      "display": "משגב עם"
    },
    {
      "code": "379",
      "display": "גאולים"
    },
    {
      "code": "380",
      "display": "להבות הבשן"
    },
    {
      "code": "382",
      "display": "מכמורת"
    },
    {
      "code": "383",
      "display": "עין הנצי\"ב"
    },
    {
      "code": "385",
      "display": "עמיעד"
    },
    {
      "code": "386",
      "display": "בני דרור"
    },
    {
      "code": "387",
      "display": "כפר מונש"
    },
    {
      "code": "388",
      "display": "כפר קיש"
    },
    {
      "code": "389",
      "display": "בצרה"
    },
    {
      "code": "390",
      "display": "רגבה"
    },
    {
      "code": "392",
      "display": "קדמה"
    },
    {
      "code": "393",
      "display": "גלאון"
    },
    {
      "code": "394",
      "display": "שובל"
    },
    {
      "code": "395",
      "display": "משמר הנגב"
    },
    {
      "code": "396",
      "display": "נבטים"
    },
    {
      "code": "397",
      "display": "חצרים"
    },
    {
      "code": "398",
      "display": "שרשרת"
    },
    {
      "code": "399",
      "display": "בארי"
    },
    {
      "code": "400",
      "display": "אבן שמואל"
    },
    {
      "code": "402",
      "display": "ניר יצחק"
    },
    {
      "code": "403",
      "display": "אורים"
    },
    {
      "code": "405",
      "display": "נווה אילן"
    },
    {
      "code": "406",
      "display": "חצור-אשדוד"
    },
    {
      "code": "407",
      "display": "דברת"
    },
    {
      "code": "408",
      "display": "נאות מרדכי"
    },
    {
      "code": "409",
      "display": "יחיעם"
    },
    {
      "code": "412",
      "display": "קרית שלמה"
    },
    {
      "code": "413",
      "display": "צאלים"
    },
    {
      "code": "414",
      "display": "קלחים"
    },
    {
      "code": "415",
      "display": "שוקדה"
    },
    {
      "code": "416",
      "display": "מעין ברוך"
    },
    {
      "code": "417",
      "display": "יקום"
    },
    {
      "code": "418",
      "display": "בני ציון"
    },
    {
      "code": "419",
      "display": "סעד"
    },
    {
      "code": "421",
      "display": "משאבי שדה"
    },
    {
      "code": "422",
      "display": "חרב לאת"
    },
    {
      "code": "423",
      "display": "העוגן"
    },
    {
      "code": "424",
      "display": "גבים"
    },
    {
      "code": "425",
      "display": "משמרת"
    },
    {
      "code": "426",
      "display": "עין כרמל"
    },
    {
      "code": "427",
      "display": "כפר גלים"
    },
    {
      "code": "428",
      "display": "ברור חיל"
    },
    {
      "code": "429",
      "display": "אלוני אבא"
    },
    {
      "code": "430",
      "display": "בית לחם הגלילית"
    },
    {
      "code": "431",
      "display": "דלתון"
    },
    {
      "code": "432",
      "display": "שמרת"
    },
    {
      "code": "433",
      "display": "נחשולים"
    },
    {
      "code": "434",
      "display": "החותרים"
    },
    {
      "code": "435",
      "display": "נצר סרני"
    },
    {
      "code": "436",
      "display": "עין דור"
    },
    {
      "code": "437",
      "display": "רשפים"
    },
    {
      "code": "439",
      "display": "שלוחות"
    },
    {
      "code": "440",
      "display": "יסודות"
    },
    {
      "code": "442",
      "display": "גדעונה"
    },
    {
      "code": "443",
      "display": "כפר הנשיא"
    },
    {
      "code": "444",
      "display": "רגבים"
    },
    {
      "code": "445",
      "display": "רמות מנשה"
    },
    {
      "code": "446",
      "display": "אודים"
    },
    {
      "code": "447",
      "display": "נורדיה"
    },
    {
      "code": "448",
      "display": "בני עטרות"
    },
    {
      "code": "449",
      "display": "נחלים"
    },
    {
      "code": "450",
      "display": "בארות יצחק"
    },
    {
      "code": "452",
      "display": "יזרעאל"
    },
    {
      "code": "453",
      "display": "יפתח"
    },
    {
      "code": "454",
      "display": "סער"
    },
    {
      "code": "456",
      "display": "שורש"
    },
    {
      "code": "457",
      "display": "גזית"
    },
    {
      "code": "460",
      "display": "רמת רזיאל"
    },
    {
      "code": "462",
      "display": "טל שחר"
    },
    {
      "code": "463",
      "display": "געתון"
    },
    {
      "code": "464",
      "display": "הראל"
    },
    {
      "code": "465",
      "display": "צובה"
    },
    {
      "code": "466",
      "display": "בית דגן"
    },
    {
      "code": "469",
      "display": "קרית עקרון"
    },
    {
      "code": "472",
      "display": "אבו גוש"
    },
    {
      "code": "473",
      "display": "אבו סנאן"
    },
    {
      "code": "475",
      "display": "דחי"
    },
    {
      "code": "478",
      "display": "אכסאל"
    },
    {
      "code": "480",
      "display": "בית ג'ן"
    },
    {
      "code": "481",
      "display": "מגאר"
    },
    {
      "code": "482",
      "display": "בועיינה-נוג'ידאת"
    },
    {
      "code": "483",
      "display": "בענה"
    },
    {
      "code": "485",
      "display": "ג'ולס"
    },
    {
      "code": "487",
      "display": "ג'ש (גוש חלב)"
    },
    {
      "code": "489",
      "display": "דבוריה"
    },
    {
      "code": "490",
      "display": "דייר אל-אסד"
    },
    {
      "code": "492",
      "display": "דייר חנא"
    },
    {
      "code": "493",
      "display": "דייר ראפאת"
    },
    {
      "code": "494",
      "display": "דאלית אל-כרמל"
    },
    {
      "code": "496",
      "display": "חורפיש"
    },
    {
      "code": "497",
      "display": "טייבה (בעמק)"
    },
    {
      "code": "498",
      "display": "טורעאן"
    },
    {
      "code": "499",
      "display": "יפיע"
    },
    {
      "code": "502",
      "display": "ירכא"
    },
    {
      "code": "504",
      "display": "כאבול"
    },
    {
      "code": "505",
      "display": "כאוכב אבו אל-היג'א"
    },
    {
      "code": "507",
      "display": "כפר יאסיף"
    },
    {
      "code": "508",
      "display": "כפר כמא"
    },
    {
      "code": "509",
      "display": "כפר כנא"
    },
    {
      "code": "510",
      "display": "כפר מנדא"
    },
    {
      "code": "511",
      "display": "עילוט"
    },
    {
      "code": "512",
      "display": "כפר מצר"
    },
    {
      "code": "514",
      "display": "עין ראפה"
    },
    {
      "code": "516",
      "display": "מג'ד אל-כרום"
    },
    {
      "code": "517",
      "display": "מזרעה"
    },
    {
      "code": "518",
      "display": "מעיליא"
    },
    {
      "code": "520",
      "display": "משהד"
    },
    {
      "code": "521",
      "display": "עין נקובא"
    },
    {
      "code": "522",
      "display": "נחף"
    },
    {
      "code": "523",
      "display": "ניין"
    },
    {
      "code": "524",
      "display": "נאעורה"
    },
    {
      "code": "525",
      "display": "סאג'ור"
    },
    {
      "code": "526",
      "display": "סולם"
    },
    {
      "code": "527",
      "display": "שזור"
    },
    {
      "code": "528",
      "display": "עוזייר"
    },
    {
      "code": "529",
      "display": "אעבלין"
    },
    {
      "code": "530",
      "display": "עיילבון"
    },
    {
      "code": "531",
      "display": "עראבה"
    },
    {
      "code": "532",
      "display": "עין מאהל"
    },
    {
      "code": "534",
      "display": "עספיא"
    },
    {
      "code": "535",
      "display": "פסוטה"
    },
    {
      "code": "536",
      "display": "פקיעין (בוקייעה)"
    },
    {
      "code": "537",
      "display": "פוריידיס"
    },
    {
      "code": "538",
      "display": "שעב"
    },
    {
      "code": "539",
      "display": "רומאנה"
    },
    {
      "code": "540",
      "display": "ריחאניה"
    },
    {
      "code": "541",
      "display": "ג'סר א-זרקא"
    },
    {
      "code": "542",
      "display": "ריינה"
    },
    {
      "code": "543",
      "display": "ראמה"
    },
    {
      "code": "546",
      "display": "עין אל-אסד"
    },
    {
      "code": "547",
      "display": "טמרה (יזרעאל)"
    },
    {
      "code": "549",
      "display": "גנות הדר"
    },
    {
      "code": "553",
      "display": "ניר בנים"
    },
    {
      "code": "555",
      "display": "שדמה"
    },
    {
      "code": "559",
      "display": "בוסתן הגליל"
    },
    {
      "code": "562",
      "display": "בית אלעזרי"
    },
    {
      "code": "563",
      "display": "משמר דוד"
    },
    {
      "code": "564",
      "display": "רבדים"
    },
    {
      "code": "565",
      "display": "אזור"
    },
    {
      "code": "566",
      "display": "גבעת שמש"
    },
    {
      "code": "567",
      "display": "צרעה"
    },
    {
      "code": "570",
      "display": "מעונה"
    },
    {
      "code": "571",
      "display": "בית גמליאל"
    },
    {
      "code": "572",
      "display": "בית העמק"
    },
    {
      "code": "573",
      "display": "מבקיעים"
    },
    {
      "code": "574",
      "display": "גשר הזיו"
    },
    {
      "code": "575",
      "display": "יסעור"
    },
    {
      "code": "576",
      "display": "כברי"
    },
    {
      "code": "577",
      "display": "יד בנימין"
    },
    {
      "code": "578",
      "display": "סאסא"
    },
    {
      "code": "579",
      "display": "כפר ראש הנקרה"
    },
    {
      "code": "580",
      "display": "כרם מהר\"ל"
    },
    {
      "code": "582",
      "display": "כפר הנגיד"
    },
    {
      "code": "584",
      "display": "זיקים"
    },
    {
      "code": "585",
      "display": "לביא"
    },
    {
      "code": "586",
      "display": "מגידו"
    },
    {
      "code": "587",
      "display": "סביון"
    },
    {
      "code": "588",
      "display": "בני ראם"
    },
    {
      "code": "589",
      "display": "בצת"
    },
    {
      "code": "590",
      "display": "נווה אור"
    },
    {
      "code": "591",
      "display": "עשרת"
    },
    {
      "code": "592",
      "display": "בני דרום"
    },
    {
      "code": "593",
      "display": "ערוגות"
    },
    {
      "code": "594",
      "display": "צפריה"
    },
    {
      "code": "595",
      "display": "לוחמי הגיטאות"
    },
    {
      "code": "596",
      "display": "מלכיה"
    },
    {
      "code": "597",
      "display": "פלמחים"
    },
    {
      "code": "598",
      "display": "בית קמה"
    },
    {
      "code": "599",
      "display": "פרוד"
    },
    {
      "code": "602",
      "display": "נירים"
    },
    {
      "code": "603",
      "display": "אלקוש"
    },
    {
      "code": "604",
      "display": "בית עריף"
    },
    {
      "code": "605",
      "display": "כפר שמאי"
    },
    {
      "code": "606",
      "display": "מזור"
    },
    {
      "code": "607",
      "display": "מירון"
    },
    {
      "code": "609",
      "display": "כפר חושן"
    },
    {
      "code": "610",
      "display": "סתריה"
    },
    {
      "code": "612",
      "display": "צרופה"
    },
    {
      "code": "613",
      "display": "ציפורי"
    },
    {
      "code": "614",
      "display": "שומרה"
    },
    {
      "code": "615",
      "display": "קדרון"
    },
    {
      "code": "616",
      "display": "רינתיה"
    },
    {
      "code": "617",
      "display": "ברקאי"
    },
    {
      "code": "618",
      "display": "חדיד"
    },
    {
      "code": "619",
      "display": "בית גוברין"
    },
    {
      "code": "620",
      "display": "משואות יצחק"
    },
    {
      "code": "622",
      "display": "עין צורים"
    },
    {
      "code": "623",
      "display": "יראון"
    },
    {
      "code": "627",
      "display": "ג'לג'וליה"
    },
    {
      "code": "628",
      "display": "ג'ת"
    },
    {
      "code": "633",
      "display": "כפר ברא"
    },
    {
      "code": "634",
      "display": "כפר קאסם"
    },
    {
      "code": "635",
      "display": "מוקייבלה"
    },
    {
      "code": "636",
      "display": "צנדלה"
    },
    {
      "code": "637",
      "display": "ערערה"
    },
    {
      "code": "638",
      "display": "קלנסווה"
    },
    {
      "code": "648",
      "display": "מצר"
    },
    {
      "code": "649",
      "display": "מייסר"
    },
    {
      "code": "652",
      "display": "אבטין"
    },
    {
      "code": "654",
      "display": "כפר קרע"
    },
    {
      "code": "658",
      "display": "שייח' דנון"
    },
    {
      "code": "661",
      "display": "שער אפרים"
    },
    {
      "code": "662",
      "display": "חוסן"
    },
    {
      "code": "663",
      "display": "טירת יהודה"
    },
    {
      "code": "664",
      "display": "כרם בן זמרה"
    },
    {
      "code": "665",
      "display": "תקומה"
    },
    {
      "code": "666",
      "display": "עומר"
    },
    {
      "code": "667",
      "display": "ברעם"
    },
    {
      "code": "668",
      "display": "מפלסים"
    },
    {
      "code": "670",
      "display": "משמר איילון"
    },
    {
      "code": "672",
      "display": "בית נקופה"
    },
    {
      "code": "673",
      "display": "כפר טרומן"
    },
    {
      "code": "674",
      "display": "לימן"
    },
    {
      "code": "675",
      "display": "הבונים"
    },
    {
      "code": "676",
      "display": "עין השלושה"
    },
    {
      "code": "677",
      "display": "הסוללים"
    },
    {
      "code": "678",
      "display": "מעגן"
    },
    {
      "code": "679",
      "display": "אביאל"
    },
    {
      "code": "680",
      "display": "אומץ"
    },
    {
      "code": "681",
      "display": "גבעת שמואל"
    },
    {
      "code": "682",
      "display": "אליקים"
    },
    {
      "code": "683",
      "display": "גבע כרמל"
    },
    {
      "code": "684",
      "display": "היוגב"
    },
    {
      "code": "685",
      "display": "בניה"
    },
    {
      "code": "686",
      "display": "נווה ימין"
    },
    {
      "code": "687",
      "display": "עין איילה"
    },
    {
      "code": "688",
      "display": "עלמה"
    },
    {
      "code": "689",
      "display": "מגדים"
    },
    {
      "code": "690",
      "display": "כפר אחים"
    },
    {
      "code": "692",
      "display": "שפיר"
    },
    {
      "code": "693",
      "display": "נתיב הל\"ה"
    },
    {
      "code": "694",
      "display": "מעגן מיכאל"
    },
    {
      "code": "695",
      "display": "מגן"
    },
    {
      "code": "696",
      "display": "כפר חב\"ד"
    },
    {
      "code": "697",
      "display": "בארותיים"
    },
    {
      "code": "698",
      "display": "בורגתה"
    },
    {
      "code": "699",
      "display": "ניר ישראל"
    },
    {
      "code": "700",
      "display": "חצב"
    },
    {
      "code": "701",
      "display": "ארבל"
    },
    {
      "code": "702",
      "display": "האון"
    },
    {
      "code": "703",
      "display": "גבעת עוז"
    },
    {
      "code": "705",
      "display": "נחשונים"
    },
    {
      "code": "706",
      "display": "גיאה"
    },
    {
      "code": "707",
      "display": "כפר דניאל"
    },
    {
      "code": "708",
      "display": "עמקה"
    },
    {
      "code": "709",
      "display": "תפרח"
    },
    {
      "code": "710",
      "display": "בית זית"
    },
    {
      "code": "711",
      "display": "עזריה"
    },
    {
      "code": "712",
      "display": "בן עמי"
    },
    {
      "code": "713",
      "display": "רעים"
    },
    {
      "code": "714",
      "display": "ארז"
    },
    {
      "code": "715",
      "display": "להבות חביבה"
    },
    {
      "code": "716",
      "display": "אייל"
    },
    {
      "code": "717",
      "display": "חגור"
    },
    {
      "code": "718",
      "display": "ירחיב"
    },
    {
      "code": "719",
      "display": "תל קציר"
    },
    {
      "code": "720",
      "display": "ניר גלים"
    },
    {
      "code": "721",
      "display": "שדה אילן"
    },
    {
      "code": "722",
      "display": "מגשימים"
    },
    {
      "code": "723",
      "display": "בית הגדי"
    },
    {
      "code": "726",
      "display": "הודיה"
    },
    {
      "code": "727",
      "display": "תלמי יחיאל"
    },
    {
      "code": "729",
      "display": "משמר השבעה"
    },
    {
      "code": "730",
      "display": "אליפלט"
    },
    {
      "code": "731",
      "display": "מישר"
    },
    {
      "code": "732",
      "display": "משמר הירדן"
    },
    {
      "code": "734",
      "display": "גן יאשיה"
    },
    {
      "code": "735",
      "display": "רמות מאיר"
    },
    {
      "code": "736",
      "display": "גילת"
    },
    {
      "code": "737",
      "display": "עולש"
    },
    {
      "code": "738",
      "display": "דור"
    },
    {
      "code": "739",
      "display": "שדה עוזיהו"
    },
    {
      "code": "740",
      "display": "אשתאול"
    },
    {
      "code": "741",
      "display": "שואבה"
    },
    {
      "code": "742",
      "display": "מסילת ציון"
    },
    {
      "code": "743",
      "display": "כפר שמואל"
    },
    {
      "code": "744",
      "display": "תלמי יפה"
    },
    {
      "code": "745",
      "display": "גמזו"
    },
    {
      "code": "746",
      "display": "ברכיה"
    },
    {
      "code": "747",
      "display": "בית שקמה"
    },
    {
      "code": "748",
      "display": "מסלול"
    },
    {
      "code": "749",
      "display": "פטיש"
    },
    {
      "code": "750",
      "display": "פדויים"
    },
    {
      "code": "751",
      "display": "בית מאיר"
    },
    {
      "code": "752",
      "display": "תעוז"
    },
    {
      "code": "753",
      "display": "ינוב"
    },
    {
      "code": "755",
      "display": "גורן"
    },
    {
      "code": "756",
      "display": "בית עזרא"
    },
    {
      "code": "757",
      "display": "מצליח"
    },
    {
      "code": "758",
      "display": "יד חנה"
    },
    {
      "code": "759",
      "display": "יציץ"
    },
    {
      "code": "760",
      "display": "בן זכאי"
    },
    {
      "code": "761",
      "display": "שובה"
    },
    {
      "code": "762",
      "display": "בטחה"
    },
    {
      "code": "763",
      "display": "שתולים"
    },
    {
      "code": "764",
      "display": "כפר מרדכי"
    },
    {
      "code": "765",
      "display": "משגב דב"
    },
    {
      "code": "766",
      "display": "קוממיות"
    },
    {
      "code": "767",
      "display": "פורת"
    },
    {
      "code": "768",
      "display": "כרמיה"
    },
    {
      "code": "769",
      "display": "ניר עציון"
    },
    {
      "code": "771",
      "display": "מבוא ביתר"
    },
    {
      "code": "772",
      "display": "אמונים"
    },
    {
      "code": "773",
      "display": "עמיקם"
    },
    {
      "code": "774",
      "display": "צוריאל"
    },
    {
      "code": "775",
      "display": "יד נתן"
    },
    {
      "code": "776",
      "display": "מחסיה"
    },
    {
      "code": "777",
      "display": "נחשון"
    },
    {
      "code": "778",
      "display": "תרום"
    },
    {
      "code": "779",
      "display": "עמינדב"
    },
    {
      "code": "780",
      "display": "אורה"
    },
    {
      "code": "783",
      "display": "אבן ספיר"
    },
    {
      "code": "784",
      "display": "בית נחמיה"
    },
    {
      "code": "785",
      "display": "אחיהוד"
    },
    {
      "code": "786",
      "display": "כפר זיתים"
    },
    {
      "code": "787",
      "display": "גבעת יערים"
    },
    {
      "code": "788",
      "display": "זיתן"
    },
    {
      "code": "789",
      "display": "רנן"
    },
    {
      "code": "791",
      "display": "משען"
    },
    {
      "code": "792",
      "display": "נתיב השיירה"
    },
    {
      "code": "793",
      "display": "גבעתי"
    },
    {
      "code": "794",
      "display": "עגור"
    },
    {
      "code": "795",
      "display": "יערה"
    },
    {
      "code": "796",
      "display": "צלפון"
    },
    {
      "code": "797",
      "display": "אחיעזר"
    },
    {
      "code": "798",
      "display": "יגל"
    },
    {
      "code": "799",
      "display": "זכריה"
    },
    {
      "code": "800",
      "display": "בית חנניה"
    },
    {
      "code": "801",
      "display": "חמד"
    },
    {
      "code": "802",
      "display": "גבעת כ\"ח"
    },
    {
      "code": "803",
      "display": "יושיביה"
    },
    {
      "code": "804",
      "display": "אחיסמך"
    },
    {
      "code": "805",
      "display": "ישעי"
    },
    {
      "code": "806",
      "display": "עין יהב"
    },
    {
      "code": "807",
      "display": "חניאל"
    },
    {
      "code": "808",
      "display": "ניר אליהו"
    },
    {
      "code": "809",
      "display": "נחם"
    },
    {
      "code": "810",
      "display": "עופר"
    },
    {
      "code": "811",
      "display": "יכיני"
    },
    {
      "code": "812",
      "display": "שלומי"
    },
    {
      "code": "813",
      "display": "עין יעקב"
    },
    {
      "code": "814",
      "display": "תלמים"
    },
    {
      "code": "815",
      "display": "זבדיאל"
    },
    {
      "code": "816",
      "display": "זנוח"
    },
    {
      "code": "817",
      "display": "עזריקם"
    },
    {
      "code": "818",
      "display": "זרחיה"
    },
    {
      "code": "819",
      "display": "אביגדור"
    },
    {
      "code": "820",
      "display": "חלץ"
    },
    {
      "code": "821",
      "display": "אחוזם"
    },
    {
      "code": "822",
      "display": "מטע"
    },
    {
      "code": "823",
      "display": "בר גיורא"
    },
    {
      "code": "824",
      "display": "כוכב מיכאל"
    },
    {
      "code": "825",
      "display": "נס הרים"
    },
    {
      "code": "826",
      "display": "עוזה"
    },
    {
      "code": "827",
      "display": "נווה מבטח"
    },
    {
      "code": "828",
      "display": "ישרש"
    },
    {
      "code": "829",
      "display": "מבטחים"
    },
    {
      "code": "831",
      "display": "ירוחם"
    },
    {
      "code": "833",
      "display": "נורית"
    },
    {
      "code": "836",
      "display": "גנות"
    },
    {
      "code": "837",
      "display": "עזריאל"
    },
    {
      "code": "838",
      "display": "פדיה"
    },
    {
      "code": "839",
      "display": "פתחיה"
    },
    {
      "code": "840",
      "display": "כיסופים"
    },
    {
      "code": "841",
      "display": "אלישמע"
    },
    {
      "code": "842",
      "display": "געש"
    },
    {
      "code": "843",
      "display": "מרגליות"
    },
    {
      "code": "844",
      "display": "נחל עוז"
    },
    {
      "code": "845",
      "display": "כפר עזה"
    },
    {
      "code": "846",
      "display": "שפר"
    },
    {
      "code": "848",
      "display": "בית רבן"
    },
    {
      "code": "849",
      "display": "דבירה"
    },
    {
      "code": "850",
      "display": "אחיטוב"
    },
    {
      "code": "851",
      "display": "ניצני עוז"
    },
    {
      "code": "852",
      "display": "גונן"
    },
    {
      "code": "853",
      "display": "גאליה"
    },
    {
      "code": "854",
      "display": "רחוב"
    },
    {
      "code": "856",
      "display": "שעלבים"
    },
    {
      "code": "857",
      "display": "כפר אביב"
    },
    {
      "code": "858",
      "display": "נווה ירק"
    },
    {
      "code": "859",
      "display": "כסלון"
    },
    {
      "code": "861",
      "display": "שדה אליעזר"
    },
    {
      "code": "862",
      "display": "גני יוחנן"
    },
    {
      "code": "863",
      "display": "גינתון"
    },
    {
      "code": "864",
      "display": "בקוע"
    },
    {
      "code": "865",
      "display": "שיבולים"
    },
    {
      "code": "866",
      "display": "יטבתה"
    },
    {
      "code": "868",
      "display": "אלוני יצחק"
    },
    {
      "code": "870",
      "display": "גבעת השלושה"
    },
    {
      "code": "871",
      "display": "עינת"
    },
    {
      "code": "872",
      "display": "גאולי תימן"
    },
    {
      "code": "873",
      "display": "שלווה"
    },
    {
      "code": "874",
      "display": "מגדל העמק"
    },
    {
      "code": "875",
      "display": "כפר עבודה"
    },
    {
      "code": "877",
      "display": "בית חירות"
    },
    {
      "code": "880",
      "display": "עין שריד"
    },
    {
      "code": "882",
      "display": "אורנים"
    },
    {
      "code": "885",
      "display": "שדה בוקר"
    },
    {
      "code": "886",
      "display": "איתנים"
    },
    {
      "code": "888",
      "display": "כפר הרי\"ף"
    },
    {
      "code": "889",
      "display": "כפר חסידים ב'"
    },
    {
      "code": "890",
      "display": "כפר הנוער הדתי"
    },
    {
      "code": "892",
      "display": "עבדון"
    },
    {
      "code": "897",
      "display": "מדרשת רופין"
    },
    {
      "code": "913",
      "display": "שבלי - אום אל-גנם"
    },
    {
      "code": "916",
      "display": "ישע"
    },
    {
      "code": "917",
      "display": "עצמון שגב"
    },
    {
      "code": "919",
      "display": "גבעת ישעיהו"
    },
    {
      "code": "921",
      "display": "שער מנשה"
    },
    {
      "code": "922",
      "display": "רכסים"
    },
    {
      "code": "926",
      "display": "נווה אבות"
    },
    {
      "code": "932",
      "display": "אבו עמרה (שבט)"
    },
    {
      "code": "935",
      "display": "אבו סריחאן (שבט)"
    },
    {
      "code": "939",
      "display": "מסעודין אל-עזאזמה"
    },
    {
      "code": "942",
      "display": "סואעד (חמרייה)"
    },
    {
      "code": "944",
      "display": "בסמת טבעון"
    },
    {
      "code": "948",
      "display": "חוג'ייראת (ד'הרה)"
    },
    {
      "code": "956",
      "display": "הוזייל (שבט)"
    },
    {
      "code": "957",
      "display": "עוקבי (בנו עוקבה)"
    },
    {
      "code": "958",
      "display": "אבו עבדון (שבט)"
    },
    {
      "code": "959",
      "display": "אפיניש (שבט)"
    },
    {
      "code": "960",
      "display": "אסד (שבט)"
    },
    {
      "code": "961",
      "display": "אבו רוקייק (שבט)"
    },
    {
      "code": "962",
      "display": "טובא-זנגריה"
    },
    {
      "code": "963",
      "display": "אעצם (שבט)"
    },
    {
      "code": "964",
      "display": "קודייראת א-צאנע(שבט)"
    },
    {
      "code": "965",
      "display": "אטרש (שבט)"
    },
    {
      "code": "966",
      "display": "אבו רובייעה (שבט)"
    },
    {
      "code": "967",
      "display": "אבו ג'ווייעד (שבט)"
    },
    {
      "code": "968",
      "display": "אבו קורינאת (שבט)"
    },
    {
      "code": "969",
      "display": "עטאוונה (שבט)"
    },
    {
      "code": "970",
      "display": "תראבין א-צאנע (שבט)"
    },
    {
      "code": "972",
      "display": "קוואעין (שבט)"
    },
    {
      "code": "975",
      "display": "זרזיר"
    },
    {
      "code": "976",
      "display": "ג'נאביב (שבט)"
    },
    {
      "code": "978",
      "display": "כעביה-טבאש-חג'אג'רה"
    },
    {
      "code": "986",
      "display": "ח'ואלד (שבט)"
    },
    {
      "code": "989",
      "display": "סואעד (כמאנה) (שבט)"
    },
    {
      "code": "990",
      "display": "ראס עלי"
    },
    {
      "code": "993",
      "display": "חמאם"
    },
    {
      "code": "994",
      "display": "מנשית זבדה"
    },
    {
      "code": "997",
      "display": "רומת הייב"
    },
    {
      "code": "998",
      "display": "ביר אל-מכסור"
    },
    {
      "code": "1015",
      "display": "מבשרת ציון"
    },
    {
      "code": "1020",
      "display": "אור עקיבא"
    },
    {
      "code": "1024",
      "display": "חרוצים"
    },
    {
      "code": "1031",
      "display": "שדרות"
    },
    {
      "code": "1034",
      "display": "קרית מלאכי"
    },
    {
      "code": "1041",
      "display": "נצאצרה (שבט)"
    },
    {
      "code": "1042",
      "display": "אבו עמאר (שבט)"
    },
    {
      "code": "1043",
      "display": "גיזו"
    },
    {
      "code": "1044",
      "display": "יעף"
    },
    {
      "code": "1045",
      "display": "שתולה"
    },
    {
      "code": "1046",
      "display": "אוהד"
    },
    {
      "code": "1047",
      "display": "חזון"
    },
    {
      "code": "1050",
      "display": "בית חשמונאי"
    },
    {
      "code": "1051",
      "display": "תלמי אליהו"
    },
    {
      "code": "1052",
      "display": "קטורה"
    },
    {
      "code": "1053",
      "display": "עין חצבה"
    },
    {
      "code": "1054",
      "display": "תל שבע"
    },
    {
      "code": "1056",
      "display": "עין כרם-בי\"ס חקלאי"
    },
    {
      "code": "1057",
      "display": "נווה זוהר"
    },
    {
      "code": "1058",
      "display": "שדה ניצן"
    },
    {
      "code": "1059",
      "display": "כסיפה"
    },
    {
      "code": "1060",
      "display": "לקיה"
    },
    {
      "code": "1061",
      "display": "נוף הגליל"
    },
    {
      "code": "1063",
      "display": "מעלות-תרשיחא"
    },
    {
      "code": "1064",
      "display": "אמירים"
    },
    {
      "code": "1065",
      "display": "זמרת"
    },
    {
      "code": "1066",
      "display": "בני עי\"ש"
    },
    {
      "code": "1067",
      "display": "דוב\"ב"
    },
    {
      "code": "1068",
      "display": "אדמית"
    },
    {
      "code": "1069",
      "display": "רם-און"
    },
    {
      "code": "1070",
      "display": "אביעזר"
    },
    {
      "code": "1071",
      "display": "נווה מיכאל"
    },
    {
      "code": "1072",
      "display": "גן הדרום"
    },
    {
      "code": "1076",
      "display": "בית ברל"
    },
    {
      "code": "1077",
      "display": "גבעת שפירא"
    },
    {
      "code": "1079",
      "display": "צפרירים"
    },
    {
      "code": "1080",
      "display": "מבועים"
    },
    {
      "code": "1081",
      "display": "אבן מנחם"
    },
    {
      "code": "1082",
      "display": "מעגלים"
    },
    {
      "code": "1083",
      "display": "תושיה"
    },
    {
      "code": "1084",
      "display": "בן שמן (כפר נוער)"
    },
    {
      "code": "1085",
      "display": "כרם שלום"
    },
    {
      "code": "1094",
      "display": "כרם יבנה (ישיבה)"
    },
    {
      "code": "1095",
      "display": "כפר מימון"
    },
    {
      "code": "1098",
      "display": "מרכז שפירא"
    },
    {
      "code": "1102",
      "display": "צוקי ים"
    },
    {
      "code": "1103",
      "display": "גני הדר"
    },
    {
      "code": "1104",
      "display": "פוריה - כפר עבודה"
    },
    {
      "code": "1105",
      "display": "פוריה - נווה עובד"
    },
    {
      "code": "1108",
      "display": "אומן"
    },
    {
      "code": "1110",
      "display": "חבר"
    },
    {
      "code": "1111",
      "display": "צופיה"
    },
    {
      "code": "1112",
      "display": "יודפת"
    },
    {
      "code": "1113",
      "display": "צור הדסה"
    },
    {
      "code": "1114",
      "display": "שריגים (לי-און)"
    },
    {
      "code": "1115",
      "display": "אביבים"
    },
    {
      "code": "1117",
      "display": "יעל"
    },
    {
      "code": "1123",
      "display": "אדרת"
    },
    {
      "code": "1124",
      "display": "נאות הכיכר"
    },
    {
      "code": "1125",
      "display": "אלמגור"
    },
    {
      "code": "1126",
      "display": "אילות"
    },
    {
      "code": "1127",
      "display": "מעלה גלבוע"
    },
    {
      "code": "1128",
      "display": "מי עמי"
    },
    {
      "code": "1129",
      "display": "גרופית"
    },
    {
      "code": "1130",
      "display": "כפר רוזנואלד (זרעית)"
    },
    {
      "code": "1132",
      "display": "שניר"
    },
    {
      "code": "1133",
      "display": "ורדון"
    },
    {
      "code": "1134",
      "display": "יד השמונה"
    },
    {
      "code": "1136",
      "display": "צוחר"
    },
    {
      "code": "1137",
      "display": "קרית יערים"
    },
    {
      "code": "1138",
      "display": "יעד"
    },
    {
      "code": "1139",
      "display": "כרמיאל"
    },
    {
      "code": "1140",
      "display": "מדרשת בן גוריון"
    },
    {
      "code": "1141",
      "display": "מבוא מודיעים"
    },
    {
      "code": "1143",
      "display": "נס עמים"
    },
    {
      "code": "1144",
      "display": "ידידה"
    },
    {
      "code": "1145",
      "display": "אלומה"
    },
    {
      "code": "1146",
      "display": "עלומים"
    },
    {
      "code": "1147",
      "display": "נטועה"
    },
    {
      "code": "1148",
      "display": "צור נתן"
    },
    {
      "code": "1149",
      "display": "עזר"
    },
    {
      "code": "1150",
      "display": "צופר"
    },
    {
      "code": "1151",
      "display": "פארן"
    },
    {
      "code": "1152",
      "display": "אשלים"
    },
    {
      "code": "1153",
      "display": "כישור"
    },
    {
      "code": "1154",
      "display": "מלכישוע"
    },
    {
      "code": "1155",
      "display": "מגן שאול"
    },
    {
      "code": "1156",
      "display": "סמר"
    },
    {
      "code": "1157",
      "display": "אחווה"
    },
    {
      "code": "1158",
      "display": "יהל"
    },
    {
      "code": "1160",
      "display": "שכניה"
    },
    {
      "code": "1161",
      "display": "רהט"
    },
    {
      "code": "1162",
      "display": "בית רימון"
    },
    {
      "code": "1163",
      "display": "מורן"
    },
    {
      "code": "1165",
      "display": "שילת"
    },
    {
      "code": "1166",
      "display": "כפר רות"
    },
    {
      "code": "1167",
      "display": "קיסריה"
    },
    {
      "code": "1169",
      "display": "הוואשלה (שבט)"
    },
    {
      "code": "1170",
      "display": "סייד (שבט)"
    },
    {
      "code": "1171",
      "display": "לוטם"
    },
    {
      "code": "1172",
      "display": "תובל"
    },
    {
      "code": "1173",
      "display": "לפידות"
    },
    {
      "code": "1174",
      "display": "מנוף"
    },
    {
      "code": "1175",
      "display": "עידן"
    },
    {
      "code": "1176",
      "display": "ספיר"
    },
    {
      "code": "1177",
      "display": "טללים"
    },
    {
      "code": "1178",
      "display": "מורשת"
    },
    {
      "code": "1179",
      "display": "קורנית"
    },
    {
      "code": "1180",
      "display": "צביה"
    },
    {
      "code": "1181",
      "display": "טל-אל"
    },
    {
      "code": "1182",
      "display": "אלון הגליל"
    },
    {
      "code": "1183",
      "display": "כליל"
    },
    {
      "code": "1184",
      "display": "מתת"
    },
    {
      "code": "1185",
      "display": "פלך"
    },
    {
      "code": "1186",
      "display": "הושעיה"
    },
    {
      "code": "1187",
      "display": "עיר אובות"
    },
    {
      "code": "1188",
      "display": "אשחר"
    },
    {
      "code": "1190",
      "display": "מצפה נטופה"
    },
    {
      "code": "1191",
      "display": "בר יוחאי"
    },
    {
      "code": "1192",
      "display": "ערערה-בנגב"
    },
    {
      "code": "1195",
      "display": "ניצנה (קהילת חינוך)"
    },
    {
      "code": "1196",
      "display": "מחנה יתיר"
    },
    {
      "code": "1197",
      "display": "נאות סמדר"
    },
    {
      "code": "1198",
      "display": "כרמים"
    },
    {
      "code": "1199",
      "display": "עדי"
    },
    {
      "code": "1200",
      "display": "מודיעין-מכבים-רעות"
    },
    {
      "code": "1201",
      "display": "כמון"
    },
    {
      "code": "1202",
      "display": "מכמנים"
    },
    {
      "code": "1203",
      "display": "הררית"
    },
    {
      "code": "1204",
      "display": "גילון"
    },
    {
      "code": "1205",
      "display": "מנות"
    },
    {
      "code": "1206",
      "display": "גיתה"
    },
    {
      "code": "1207",
      "display": "לבון"
    },
    {
      "code": "1208",
      "display": "הילה"
    },
    {
      "code": "1209",
      "display": "חרשים"
    },
    {
      "code": "1210",
      "display": "כחל"
    },
    {
      "code": "1211",
      "display": "קדרים"
    },
    {
      "code": "1212",
      "display": "עמוקה"
    },
    {
      "code": "1213",
      "display": "צבעון"
    },
    {
      "code": "1214",
      "display": "טפחות"
    },
    {
      "code": "1219",
      "display": "גורנות הגליל"
    },
    {
      "code": "1220",
      "display": "אבירים"
    },
    {
      "code": "1221",
      "display": "צורית"
    },
    {
      "code": "1222",
      "display": "מצפה אבי\"ב"
    },
    {
      "code": "1223",
      "display": "שדי אברהם"
    },
    {
      "code": "1224",
      "display": "כוכב יאיר"
    },
    {
      "code": "1225",
      "display": "רביד"
    },
    {
      "code": "1226",
      "display": "יובלים"
    },
    {
      "code": "1227",
      "display": "יתד"
    },
    {
      "code": "1228",
      "display": "רקפת"
    },
    {
      "code": "1229",
      "display": "כלנית"
    },
    {
      "code": "1230",
      "display": "לבנים"
    },
    {
      "code": "1231",
      "display": "פרי גן"
    },
    {
      "code": "1232",
      "display": "יבול"
    },
    {
      "code": "1233",
      "display": "שקף"
    },
    {
      "code": "1234",
      "display": "קבועה (שבט)"
    },
    {
      "code": "1235",
      "display": "שורשים"
    },
    {
      "code": "1236",
      "display": "נירית"
    },
    {
      "code": "1237",
      "display": "תלמי יוסף"
    },
    {
      "code": "1238",
      "display": "סופה"
    },
    {
      "code": "1239",
      "display": "חולית"
    },
    {
      "code": "1240",
      "display": "עין הבשור"
    },
    {
      "code": "1241",
      "display": "דקל"
    },
    {
      "code": "1242",
      "display": "נתיב העשרה"
    },
    {
      "code": "1243",
      "display": "קציר"
    },
    {
      "code": "1244",
      "display": "תמרת"
    },
    {
      "code": "1245",
      "display": "סלמה"
    },
    {
      "code": "1246",
      "display": "עראמשה"
    },
    {
      "code": "1247",
      "display": "חריש"
    },
    {
      "code": "1248",
      "display": "אליפז"
    },
    {
      "code": "1249",
      "display": "הרדוף"
    },
    {
      "code": "1251",
      "display": "עין תמר"
    },
    {
      "code": "1252",
      "display": "כורזים"
    },
    {
      "code": "1253",
      "display": "אמנון"
    },
    {
      "code": "1254",
      "display": "נטף"
    },
    {
      "code": "1255",
      "display": "לוטן"
    },
    {
      "code": "1256",
      "display": "אשרת"
    },
    {
      "code": "1257",
      "display": "חנתון"
    },
    {
      "code": "1258",
      "display": "מסד"
    },
    {
      "code": "1259",
      "display": "נווה שלום"
    },
    {
      "code": "1260",
      "display": "רתמים"
    },
    {
      "code": "1261",
      "display": "הר עמשא"
    },
    {
      "code": "1262",
      "display": "צוקים"
    },
    {
      "code": "1263",
      "display": "כפר ורדים"
    },
    {
      "code": "1264",
      "display": "כרמי יוסף"
    },
    {
      "code": "1265",
      "display": "שומריה"
    },
    {
      "code": "1266",
      "display": "שחרות"
    },
    {
      "code": "1267",
      "display": "שיטים"
    },
    {
      "code": "1268",
      "display": "מיתר"
    },
    {
      "code": "1271",
      "display": "להבים"
    },
    {
      "code": "1272",
      "display": "חלוץ"
    },
    {
      "code": "1274",
      "display": "גן נר"
    },
    {
      "code": "1275",
      "display": "אבטליון"
    },
    {
      "code": "1276",
      "display": "אשבל"
    },
    {
      "code": "1278",
      "display": "באר מילכה"
    },
    {
      "code": "1279",
      "display": "נווה חריף"
    },
    {
      "code": "1280",
      "display": "ניצני סיני"
    },
    {
      "code": "1282",
      "display": "מירב"
    },
    {
      "code": "1283",
      "display": "תל תאומים"
    },
    {
      "code": "1284",
      "display": "נופית"
    },
    {
      "code": "1285",
      "display": "כרכום"
    },
    {
      "code": "1286",
      "display": "שגב-שלום"
    },
    {
      "code": "1287",
      "display": "שני"
    },
    {
      "code": "1288",
      "display": "גבעת אלה"
    },
    {
      "code": "1290",
      "display": "זמר"
    },
    {
      "code": "1291",
      "display": "כמהין"
    },
    {
      "code": "1292",
      "display": "ג'דיידה-מכר"
    },
    {
      "code": "1293",
      "display": "גבעת אבני"
    },
    {
      "code": "1294",
      "display": "אור הגנוז"
    },
    {
      "code": "1295",
      "display": "יאנוח-ג'ת"
    },
    {
      "code": "1296",
      "display": "כסרא-סמיע"
    },
    {
      "code": "1297",
      "display": "כפר חנניה"
    },
    {
      "code": "1298",
      "display": "אתגר"
    },
    {
      "code": "1303",
      "display": "חורה"
    },
    {
      "code": "1304",
      "display": "שוהם"
    },
    {
      "code": "1309",
      "display": "אלעד"
    },
    {
      "code": "1310",
      "display": "לפיד"
    },
    {
      "code": "1311",
      "display": "אבשלום"
    },
    {
      "code": "1313",
      "display": "פוריה עילית"
    },
    {
      "code": "1314",
      "display": "נווה זיו"
    },
    {
      "code": "1315",
      "display": "מתן"
    },
    {
      "code": "1316",
      "display": "אל-עריאן"
    },
    {
      "code": "1317",
      "display": "דמיידה"
    },
    {
      "code": "1318",
      "display": "מבואות ים"
    },
    {
      "code": "1319",
      "display": "בת חפר"
    },
    {
      "code": "1320",
      "display": "עין חוד"
    },
    {
      "code": "1321",
      "display": "ח'ואלד"
    },
    {
      "code": "1322",
      "display": "הודיות"
    },
    {
      "code": "1323",
      "display": "בת הדר"
    },
    {
      "code": "1324",
      "display": "ארסוף"
    },
    {
      "code": "1325",
      "display": "כפר זוהרים"
    },
    {
      "code": "1326",
      "display": "בסמ\"ה"
    },
    {
      "code": "1327",
      "display": "מעלה עירון"
    },
    {
      "code": "1330",
      "display": "אחוזת ברק"
    },
    {
      "code": "1331",
      "display": "כמאנה"
    },
    {
      "code": "1332",
      "display": "חוסנייה"
    },
    {
      "code": "1333",
      "display": "נוף איילון"
    },
    {
      "code": "1334",
      "display": "ראס אל-עין"
    },
    {
      "code": "1335",
      "display": "ערב אל נעים"
    },
    {
      "code": "1336",
      "display": "אירוס"
    },
    {
      "code": "1337",
      "display": "שמשית"
    },
    {
      "code": "1338",
      "display": "כדיתה"
    },
    {
      "code": "1339",
      "display": "אל-עזי"
    },
    {
      "code": "1340",
      "display": "מרחב עם"
    },
    {
      "code": "1341",
      "display": "רוח מדבר"
    },
    {
      "code": "1342",
      "display": "אבו קרינאת (יישוב)"
    },
    {
      "code": "1343",
      "display": "מכחול"
    },
    {
      "code": "1344",
      "display": "גבעות בר"
    },
    {
      "code": "1345",
      "display": "צור יצחק"
    },
    {
      "code": "1346",
      "display": "תראבין א-צאנע(ישוב)"
    },
    {
      "code": "1347",
      "display": "קצר א-סר"
    },
    {
      "code": "1348",
      "display": "ביר הדאג'"
    },
    {
      "code": "1349",
      "display": "דריג'את"
    },
    {
      "code": "1358",
      "display": "אום בטין"
    },
    {
      "code": "1359",
      "display": "אל סייד"
    },
    {
      "code": "1360",
      "display": "סעוה"
    },
    {
      "code": "1361",
      "display": "בת חן"
    },
    {
      "code": "1362",
      "display": "גבעות עדן"
    },
    {
      "code": "1363",
      "display": "בני נצרים"
    },
    {
      "code": "1364",
      "display": "שלומית"
    },
    {
      "code": "1365",
      "display": "אליאב"
    },
    {
      "code": "1366",
      "display": "נווה"
    },
    {
      "code": "1367",
      "display": "כחלה"
    },
    {
      "code": "1368",
      "display": "בני דקלים"
    },
    {
      "code": "1369",
      "display": "נטע"
    },
    {
      "code": "1370",
      "display": "מצפה אילן"
    },
    {
      "code": "1371",
      "display": "גני טל"
    },
    {
      "code": "1372",
      "display": "נצר חזני"
    },
    {
      "code": "1373",
      "display": "שלווה במדבר"
    },
    {
      "code": "1374",
      "display": "כרמי קטיף"
    },
    {
      "code": "1375",
      "display": "אבו תלול"
    },
    {
      "code": "1376",
      "display": "באר גנים"
    },
    {
      "code": "1377",
      "display": "שבי דרום"
    },
    {
      "code": "1378",
      "display": "שיזף"
    },
    {
      "code": "1411",
      "display": "מחנה הילה"
    },
    {
      "code": "1412",
      "display": "מחנה תל נוף"
    },
    {
      "code": "1413",
      "display": "מחנה יהודית"
    },
    {
      "code": "1414",
      "display": "מחנה מרים"
    },
    {
      "code": "1415",
      "display": "מחנה יפה"
    },
    {
      "code": "1416",
      "display": "מחנה יוכבד"
    },
    {
      "code": "1418",
      "display": "מחנה טלי"
    },
    {
      "code": "1419",
      "display": "ניצן ב'"
    },
    {
      "code": "2002",
      "display": "תנובות"
    },
    {
      "code": "2003",
      "display": "תלמי אלעזר"
    },
    {
      "code": "2006",
      "display": "כנות"
    },
    {
      "code": "2008",
      "display": "שדה יצחק"
    },
    {
      "code": "2009",
      "display": "יובל"
    },
    {
      "code": "2010",
      "display": "כפר בן נון"
    },
    {
      "code": "2011",
      "display": "ינון"
    },
    {
      "code": "2012",
      "display": "אורות"
    },
    {
      "code": "2013",
      "display": "בן שמן (מושב)"
    },
    {
      "code": "2014",
      "display": "גבעולים"
    },
    {
      "code": "2015",
      "display": "שדי חמד"
    },
    {
      "code": "2016",
      "display": "רוויה"
    },
    {
      "code": "2018",
      "display": "גבעת חיים (איחוד)"
    },
    {
      "code": "2021",
      "display": "אשל הנשיא"
    },
    {
      "code": "2023",
      "display": "להב"
    },
    {
      "code": "2024",
      "display": "אום אל-קוטוף"
    },
    {
      "code": "2026",
      "display": "ירדנה"
    },
    {
      "code": "2029",
      "display": "מדרך עוז"
    },
    {
      "code": "2030",
      "display": "מנוחה"
    },
    {
      "code": "2033",
      "display": "בית חלקיה"
    },
    {
      "code": "2034",
      "display": "חצור הגלילית"
    },
    {
      "code": "2035",
      "display": "עדנים"
    },
    {
      "code": "2038",
      "display": "ברקת"
    },
    {
      "code": "2039",
      "display": "קרית יערים(מוסד)"
    },
    {
      "code": "2042",
      "display": "עין גדי"
    },
    {
      "code": "2043",
      "display": "בחן"
    },
    {
      "code": "2044",
      "display": "מלילות"
    },
    {
      "code": "2045",
      "display": "נחלה"
    },
    {
      "code": "2046",
      "display": "סגולה"
    },
    {
      "code": "2047",
      "display": "ניר משה"
    },
    {
      "code": "2048",
      "display": "ניר עקיבא"
    },
    {
      "code": "2049",
      "display": "שדה צבי"
    },
    {
      "code": "2050",
      "display": "תלמי ביל\"ו"
    },
    {
      "code": "2051",
      "display": "רווחה"
    },
    {
      "code": "2052",
      "display": "אביטל"
    },
    {
      "code": "2053",
      "display": "פרזון"
    },
    {
      "code": "2054",
      "display": "מיטב"
    },
    {
      "code": "2055",
      "display": "מאור"
    },
    {
      "code": "2057",
      "display": "שדי תרומות"
    },
    {
      "code": "2059",
      "display": "פעמי תש\"ז"
    },
    {
      "code": "2060",
      "display": "ברוש"
    },
    {
      "code": "2061",
      "display": "תדהר"
    },
    {
      "code": "2062",
      "display": "תאשור"
    },
    {
      "code": "2063",
      "display": "דישון"
    },
    {
      "code": "2064",
      "display": "זרועה"
    },
    {
      "code": "2100",
      "display": "טירת כרמל"
    },
    {
      "code": "2200",
      "display": "דימונה"
    },
    {
      "code": "2300",
      "display": "קרית טבעון"
    },
    {
      "code": "2400",
      "display": "אור יהודה"
    },
    {
      "code": "2500",
      "display": "נשר"
    },
    {
      "code": "2530",
      "display": "באר יעקב"
    },
    {
      "code": "2550",
      "display": "גדרה"
    },
    {
      "code": "2560",
      "display": "ערד"
    },
    {
      "code": "2600",
      "display": "אילת"
    },
    {
      "code": "2610",
      "display": "בית שמש"
    },
    {
      "code": "2620",
      "display": "קרית אונו"
    },
    {
      "code": "2630",
      "display": "קרית גת"
    },
    {
      "code": "2640",
      "display": "ראש העין"
    },
    {
      "code": "2650",
      "display": "רמת השרון"
    },
    {
      "code": "2660",
      "display": "יבנה"
    },
    {
      "code": "2710",
      "display": "אום אל-פחם"
    },
    {
      "code": "2720",
      "display": "טירה"
    },
    {
      "code": "2730",
      "display": "טייבה"
    },
    {
      "code": "2742",
      "display": "זבארגה (שבט)"
    },
    {
      "code": "2800",
      "display": "קרית שמונה"
    },
    {
      "code": "3000",
      "display": "ירושלים"
    },
    {
      "code": "3400",
      "display": "חברון"
    },
    {
      "code": "3488",
      "display": "כפר עציון"
    },
    {
      "code": "3555",
      "display": "נתיב הגדוד"
    },
    {
      "code": "3556",
      "display": "אלמוג"
    },
    {
      "code": "3557",
      "display": "קדומים"
    },
    {
      "code": "3558",
      "display": "תומר"
    },
    {
      "code": "3560",
      "display": "אלקנה"
    },
    {
      "code": "3561",
      "display": "מגדל עוז"
    },
    {
      "code": "3563",
      "display": "תקוע"
    },
    {
      "code": "3564",
      "display": "כוכב השחר"
    },
    {
      "code": "3565",
      "display": "רימונים"
    },
    {
      "code": "3566",
      "display": "יפית"
    },
    {
      "code": "3567",
      "display": "סלעית"
    },
    {
      "code": "3568",
      "display": "ריחן"
    },
    {
      "code": "3569",
      "display": "מבוא דותן"
    },
    {
      "code": "3570",
      "display": "אריאל"
    },
    {
      "code": "3571",
      "display": "שבי שומרון"
    },
    {
      "code": "3572",
      "display": "כפר תפוח"
    },
    {
      "code": "3573",
      "display": "נוה צוף"
    },
    {
      "code": "3574",
      "display": "בית אל"
    },
    {
      "code": "3575",
      "display": "בית חורון"
    },
    {
      "code": "3576",
      "display": "מצפה יריחו"
    },
    {
      "code": "3578",
      "display": "שדמות מחולה"
    },
    {
      "code": "3579",
      "display": "אלון מורה"
    },
    {
      "code": "3598",
      "display": "ארגמן"
    },
    {
      "code": "3599",
      "display": "מחולה"
    },
    {
      "code": "3601",
      "display": "קליה"
    },
    {
      "code": "3602",
      "display": "ראש צורים"
    },
    {
      "code": "3603",
      "display": "הר גילה"
    },
    {
      "code": "3604",
      "display": "אלון שבות"
    },
    {
      "code": "3605",
      "display": "משואה"
    },
    {
      "code": "3606",
      "display": "גלגל"
    },
    {
      "code": "3607",
      "display": "ייט\"ב"
    },
    {
      "code": "3608",
      "display": "מעלה אפרים"
    },
    {
      "code": "3609",
      "display": "חמרה"
    },
    {
      "code": "3610",
      "display": "מצפה שלם"
    },
    {
      "code": "3611",
      "display": "קרית ארבע"
    },
    {
      "code": "3612",
      "display": "בקעות"
    },
    {
      "code": "3613",
      "display": "גיתית"
    },
    {
      "code": "3614",
      "display": "מכורה"
    },
    {
      "code": "3615",
      "display": "פצאל"
    },
    {
      "code": "3616",
      "display": "מעלה אדומים"
    },
    {
      "code": "3617",
      "display": "עופרה"
    },
    {
      "code": "3618",
      "display": "אלעזר"
    },
    {
      "code": "3619",
      "display": "רועי"
    },
    {
      "code": "3620",
      "display": "נערן"
    },
    {
      "code": "3638",
      "display": "כפר אדומים"
    },
    {
      "code": "3639",
      "display": "ורד יריחו"
    },
    {
      "code": "3640",
      "display": "קרני שומרון"
    },
    {
      "code": "3641",
      "display": "שילה"
    },
    {
      "code": "3643",
      "display": "חיננית"
    },
    {
      "code": "3644",
      "display": "גבעון החדשה"
    },
    {
      "code": "3645",
      "display": "בית הערבה"
    },
    {
      "code": "3646",
      "display": "חמדת"
    },
    {
      "code": "3647",
      "display": "יקיר"
    },
    {
      "code": "3648",
      "display": "מתתיהו"
    },
    {
      "code": "3649",
      "display": "שקד"
    },
    {
      "code": "3650",
      "display": "אפרת"
    },
    {
      "code": "3651",
      "display": "מעלה מכמש"
    },
    {
      "code": "3652",
      "display": "בית אריה"
    },
    {
      "code": "3653",
      "display": "מעלה עמוס"
    },
    {
      "code": "3654",
      "display": "ברקן"
    },
    {
      "code": "3655",
      "display": "ניל\"י"
    },
    {
      "code": "3656",
      "display": "כרמל"
    },
    {
      "code": "3657",
      "display": "מעון"
    },
    {
      "code": "3658",
      "display": "עטרת"
    },
    {
      "code": "3659",
      "display": "פסגות"
    },
    {
      "code": "3660",
      "display": "עמנואל"
    },
    {
      "code": "3709",
      "display": "מבוא חורון"
    },
    {
      "code": "3710",
      "display": "ברכה"
    },
    {
      "code": "3712",
      "display": "ענב"
    },
    {
      "code": "3713",
      "display": "נעמ\"ה"
    },
    {
      "code": "3715",
      "display": "עלמון"
    },
    {
      "code": "3717",
      "display": "חרמש"
    },
    {
      "code": "3719",
      "display": "תלם"
    },
    {
      "code": "3722",
      "display": "אשכולות"
    },
    {
      "code": "3723",
      "display": "פני חבר"
    },
    {
      "code": "3724",
      "display": "נגוהות"
    },
    {
      "code": "3725",
      "display": "נווה דניאל"
    },
    {
      "code": "3726",
      "display": "נוקדים"
    },
    {
      "code": "3727",
      "display": "עלי זהב"
    },
    {
      "code": "3730",
      "display": "גבעת זאב"
    },
    {
      "code": "3743",
      "display": "טנא"
    },
    {
      "code": "3744",
      "display": "ברוכין"
    },
    {
      "code": "3745",
      "display": "מצדות יהודה"
    },
    {
      "code": "3746",
      "display": "קרית נטפים"
    },
    {
      "code": "3747",
      "display": "דולב"
    },
    {
      "code": "3748",
      "display": "עתניאל"
    },
    {
      "code": "3749",
      "display": "יצהר"
    },
    {
      "code": "3750",
      "display": "אלפי מנשה"
    },
    {
      "code": "3751",
      "display": "מגדלים"
    },
    {
      "code": "3752",
      "display": "מעלה לבונה"
    },
    {
      "code": "3754",
      "display": "אספר"
    },
    {
      "code": "3756",
      "display": "סוסיה"
    },
    {
      "code": "3759",
      "display": "אדורה"
    },
    {
      "code": "3760",
      "display": "אורנית"
    },
    {
      "code": "3762",
      "display": "איתמר"
    },
    {
      "code": "3763",
      "display": "גבע בנימין"
    },
    {
      "code": "3764",
      "display": "חגי"
    },
    {
      "code": "3765",
      "display": "עלי"
    },
    {
      "code": "3766",
      "display": "כרמי צור"
    },
    {
      "code": "3767",
      "display": "נחליאל"
    },
    {
      "code": "3768",
      "display": "פדואל"
    },
    {
      "code": "3769",
      "display": "הר אדר"
    },
    {
      "code": "3770",
      "display": "חשמונאים"
    },
    {
      "code": "3777",
      "display": "סנסנה"
    },
    {
      "code": "3779",
      "display": "כוכב יעקב"
    },
    {
      "code": "3780",
      "display": "ביתר עילית"
    },
    {
      "code": "3781",
      "display": "קדר"
    },
    {
      "code": "3782",
      "display": "רותם"
    },
    {
      "code": "3784",
      "display": "שמעה"
    },
    {
      "code": "3785",
      "display": "משכיות"
    },
    {
      "code": "3786",
      "display": "אבנת"
    },
    {
      "code": "3787",
      "display": "נעלה"
    },
    {
      "code": "3788",
      "display": "טלמון"
    },
    {
      "code": "3790",
      "display": "נופים"
    },
    {
      "code": "3791",
      "display": "צופים"
    },
    {
      "code": "3793",
      "display": "אבני חפץ"
    },
    {
      "code": "3794",
      "display": "בת עין"
    },
    {
      "code": "3795",
      "display": "רבבה"
    },
    {
      "code": "3796",
      "display": "כפר האורנים"
    },
    {
      "code": "3797",
      "display": "מודיעין עילית"
    },
    {
      "code": "3822",
      "display": "רחלים"
    },
    {
      "code": "3823",
      "display": "גני מודיעין"
    },
    {
      "code": "3824",
      "display": "עמיחי"
    },
    {
      "code": "3825",
      "display": "מבואות יריחו"
    },
    {
      "code": "3826",
      "display": "שער שומרון"
    },
    {
      "code": "4000",
      "display": "חיפה"
    },
    {
      "code": "4001",
      "display": "בוקעאתא"
    },
    {
      "code": "4002",
      "display": "אלי-עד"
    },
    {
      "code": "4003",
      "display": "אל-רום"
    },
    {
      "code": "4004",
      "display": "כפר חרוב"
    },
    {
      "code": "4005",
      "display": "חספין"
    },
    {
      "code": "4006",
      "display": "קשת"
    },
    {
      "code": "4007",
      "display": "יונתן"
    },
    {
      "code": "4008",
      "display": "מעלה גמלא"
    },
    {
      "code": "4009",
      "display": "שעל"
    },
    {
      "code": "4010",
      "display": "אודם"
    },
    {
      "code": "4011",
      "display": "אבני איתן"
    },
    {
      "code": "4012",
      "display": "אניעם"
    },
    {
      "code": "4013",
      "display": "אורטל"
    },
    {
      "code": "4014",
      "display": "נטור"
    },
    {
      "code": "4015",
      "display": "בני יהודה"
    },
    {
      "code": "4017",
      "display": "אלוני הבשן"
    },
    {
      "code": "4019",
      "display": "מיצר"
    },
    {
      "code": "4021",
      "display": "גבעת יואב"
    },
    {
      "code": "4022",
      "display": "גשור"
    },
    {
      "code": "4024",
      "display": "קלע"
    },
    {
      "code": "4025",
      "display": "קדמת צבי"
    },
    {
      "code": "4026",
      "display": "חד-נס"
    },
    {
      "code": "4028",
      "display": "כנף"
    },
    {
      "code": "4029",
      "display": "רמת טראמפ"
    },
    {
      "code": "4035",
      "display": "נמרוד"
    },
    {
      "code": "4100",
      "display": "קצרין"
    },
    {
      "code": "4101",
      "display": "מרום גולן"
    },
    {
      "code": "4201",
      "display": "מג'דל שמס"
    },
    {
      "code": "4203",
      "display": "מסעדה"
    },
    {
      "code": "4204",
      "display": "מבוא חמה"
    },
    {
      "code": "4301",
      "display": "אפיק"
    },
    {
      "code": "4303",
      "display": "נווה אטי\"ב"
    },
    {
      "code": "4304",
      "display": "נוב"
    },
    {
      "code": "4501",
      "display": "ע'ג'ר"
    },
    {
      "code": "4502",
      "display": "עין קנייא"
    },
    {
      "code": "4503",
      "display": "עין זיוון"
    },
    {
      "code": "4551",
      "display": "נאות גולן"
    },
    {
      "code": "4701",
      "display": "רמת מגשימים"
    },
    {
      "code": "4702",
      "display": "רמות"
    },
    {
      "code": "5000",
      "display": "תל אביב - יפו"
    },
    {
      "code": "6000",
      "display": "באקה אל-גרביה"
    },
    {
      "code": "6100",
      "display": "בני ברק"
    },
    {
      "code": "6200",
      "display": "בת ים"
    },
    {
      "code": "6300",
      "display": "גבעתיים"
    },
    {
      "code": "6400",
      "display": "הרצליה"
    },
    {
      "code": "6500",
      "display": "חדרה"
    },
    {
      "code": "6600",
      "display": "חולון"
    },
    {
      "code": "6700",
      "display": "טבריה"
    },
    {
      "code": "6800",
      "display": "קרית אתא"
    },
    {
      "code": "6900",
      "display": "כפר סבא"
    },
    {
      "code": "7000",
      "display": "לוד"
    },
    {
      "code": "7100",
      "display": "אשקלון"
    },
    {
      "code": "7200",
      "display": "נס ציונה"
    },
    {
      "code": "7300",
      "display": "נצרת"
    },
    {
      "code": "7400",
      "display": "נתניה"
    },
    {
      "code": "7500",
      "display": "סח'נין"
    },
    {
      "code": "7600",
      "display": "עכו"
    },
    {
      "code": "7700",
      "display": "עפולה"
    },
    {
      "code": "7800",
      "display": "פרדס חנה-כרכור"
    },
    {
      "code": "7900",
      "display": "פתח תקווה"
    },
    {
      "code": "8000",
      "display": "צפת"
    },
    {
      "code": "8200",
      "display": "קרית מוצקין"
    },
    {
      "code": "8300",
      "display": "ראשון לציון"
    },
    {
      "code": "8400",
      "display": "רחובות"
    },
    {
      "code": "8500",
      "display": "רמלה"
    },
    {
      "code": "8600",
      "display": "רמת גן"
    },
    {
      "code": "8700",
      "display": "רעננה"
    },
    {
      "code": "8800",
      "display": "שפרעם"
    },
    {
      "code": "8900",
      "display": "טמרה"
    },
    {
      "code": "9000",
      "display": "באר שבע"
    },
    {
      "code": "9100",
      "display": "נהריה"
    },
    {
      "code": "9200",
      "display": "בית שאן"
    },
    {
      "code": "9300",
      "display": "זכרון יעקב"
    },
    {
      "code": "9400",
      "display": "יהוד-מונוסון"
    },
    {
      "code": "9500",
      "display": "קרית ביאליק"
    },
    {
      "code": "9600",
      "display": "קרית ים"
    },
    {
      "code": "9700",
      "display": "הוד השרון"
    },
    {
      "code": "9800",
      "display": "בנימינה-גבעת עדה"
    }
  ],
  "valueSet": "http://fhir.health.gov.il/ValueSet/city-symbol",
  "caseSensitive": false,
  "experimental": false,
  "count": 1267
}
