{
  "resourceType": "CodeSystem",
  "status": "draft",
  "content": "complete",
  "name": "PractitionerEducationTypeMoH",
  "id": "practitioner-education-type-moh",
  "title": "Ministry of Health practitioner-education-type codes",
  "description": "Codes for practitioner-education-types according to Israeli MoH",
  "version": "0.10.1",
  "url": "http://fhir.health.gov.il/cs/practitioner-education-type-moh",
  "concept": [
    {
      "code": "1",
      "display": "לימודים אקדמאים"
    },
    {
      "code": "2",
      "display": "קורס מוכר"
    },
    {
      "code": "3",
      "display": "קורס על בסיסי"
    },
    {
      "code": "4",
      "display": "קורס למקצוע"
    },
    {
      "code": "-999",
      "display": "לא ידוע"
    }
  ],
  "caseSensitive": false,
  "experimental": false,
  "count": 5
}
