{
  "resourceType": "CodeSystem",
  "status": "draft",
  "content": "complete",
  "name": "PayingEntityMoH",
  "id": "paying-entity-moh",
  "title": "Payer (Paying Entity / גורם משלם)",
  "description": "Codes for different paying entities in Israel; including HMOs, IDF, MoD, PLA, Prison system",
  "version": "0.10.1",
  "url": "http://fhir.health.gov.il/cs/paying-entity-moh",
  "concept": [
    {
      "code": "-888",
      "display": "לא רלוונטי",
      "definition": "ערך ברירת מחדל במקרה שהמידע שמגיע הוא NULL",
      "property": [
        {
          "code": "status",
          "valueCode": "deprecated"
        }
      ]
    },
    {
      "code": "-999",
      "display": "לא ידוע",
      "definition": "ערך ברירת מחדל במקרה שערך הגורם המשלם איננו רלוונטי או לא קיים מאחר ולא מדובר בתשלום",
      "property": [
        {
          "code": "status",
          "valueCode": "deprecated"
        }
      ]
    },
    {
      "code": "101",
      "display": "קופת חולים כללית",
      "definition": "הערך קופת חולים כללית מתאים למקרה בו הגורם המשלם הוא קופת חולים כללית (לא מדובר בשיוך לקופה)"
    },
    {
      "code": "102",
      "display": "קופת חולים לאומית",
      "definition": "הערך קופת חולים לאומית מתאים למקרה בו הגורם המשלם הוא קופת חולים לאומית (לא מדובר בשיוך לקופה)"
    },
    {
      "code": "103",
      "display": "קופת חולים מכבי",
      "definition": "הערך קופת חולים מכבי מתאים למקרה בו הגורם המשלם הוא קופת חולים מכבי (לא מדובר בשיוך לקופה)"
    },
    {
      "code": "104",
      "display": "קופת חולים מאוחדת",
      "definition": "הערך קופת חולים מאוחדת מתאים למקרה בו הגורם המשלם הוא קופת חולים מאוחדת (לא מדובר בשיוך לקופה)"
    },
    {
      "code": "401",
      "display": "צה\"ל",
      "definition": "הערך צה\"ל מתאים למקרה בו הגורם המשלם הוא צה\"ל (לא מדובר בשיוך אליו כקופה חמישת)"
    },
    {
      "code": "402",
      "display": "משרד הבטחון",
      "definition": "הערך משרד הבטחון מתאים למקרה בו הגורם המשלם הוא משרד הביטחון"
    },
    {
      "code": "480",
      "display": "רשות פלסטינאית",
      "definition": "הערך רשות פלסטינאית מתאים למקרה בו הגורם המשלם הוא הרשות הפלסטינאית"
    },
    {
      "code": "405",
      "display": "שירותי בתי הסוהר",
      "definition": "הערך שירותי בתי הסוהר  מתאים למקרה בו הגורם המשלם הוא"
    },
    {
      "code": "501",
      "display": "חברות ביטוח",
      "definition": "הערך חברות ביטוח  מתאים למקרה בו הגורם המשלם הוא חברת ביטוח (לזיהוי מימון חברות פרטיות)"
    },
    {
      "code": "541",
      "display": "כללית ביטוחים משלימים",
      "definition": "הערך כללית ביטוחים משלימים מתאים למקרה בו הגורם המשלם הוא הביטוח המשלים של קופת חולים כללית (לזיהוי שב\"ן)"
    },
    {
      "code": "542",
      "display": "מכבי ביטוחים משלימים",
      "definition": "הערך מכבי ביטוחים משלימים  מתאים למקרה בו הגורם המשלם הוא הביטוח המשלים של קופת חולים מכבי(לזיהוי שב\"ן)"
    },
    {
      "code": "543",
      "display": "מאוחדת ביטוחים משלימים",
      "definition": "הערך מאוחדת ביטוחים משלימים מתאים למקרה בו הגורם המשלם הוא הביטוח המשלים של קופת חולים מאוחדת (לזיהוי שב\"ן)"
    },
    {
      "code": "544",
      "display": "לאומית ביטוחים משלימים",
      "definition": "הערך לאומית ביטוחים משלימים מתאים למקרה בו הגורם המשלם הוא הביטוח המשלים של קופת חולים לאומית (לזיהוי שב\"ן)"
    },
    {
      "code": "1Z1",
      "display": "כללית חיילים",
      "definition": "הערך כללית חיילים מתאים למקרה היסטורי בו הגורם המשלם היה ביטוח החיילים בקופת חולים כללית (לא תקף יותר)",
      "property": [
        {
          "code": "status",
          "valueCode": "deprecated"
        }
      ]
    },
    {
      "code": "1Z2",
      "display": "לאומית חיילים",
      "definition": "הערך לאומית חיילים מתאים למקרה היסטורי בו הגורם המשלם היה ביטוח החיילים בקופת חולים לאומית (לא תקף יותר)",
      "property": [
        {
          "code": "status",
          "valueCode": "deprecated"
        }
      ]
    },
    {
      "code": "1Z3",
      "display": "מכבי חיילים",
      "definition": "הערך מכבי חיילים מתאים למקרה היסטורי בו הגורם המשלם היה ביטוח החיילים בקופת חולים מכבי(לא תקף יותר)",
      "property": [
        {
          "code": "status",
          "valueCode": "deprecated"
        }
      ]
    },
    {
      "code": "1Z4",
      "display": "מאוחדת חיילים",
      "definition": "הערך מאוחדת חיילים מתאים למקרה היסטורי בו הגורם המשלם היה ביטוח החיילים בקופת חולים מאוחדת (לא תקף יותר)",
      "property": [
        {
          "code": "status",
          "valueCode": "deprecated"
        }
      ]
    },
    {
      "code": "1P1",
      "display": "כללית פסיכיאטריה",
      "definition": "הערך כללית פסיכיאטריה מתאים למקרה בו הגורם המשלם הוא קופת חולים כללית לשירותי בריאות הנפש"
    },
    {
      "code": "1P2",
      "display": "לאומית פסיכיאטריה",
      "definition": "הערך לאומית פסיכיאטריה מתאים למקרה בו הגורם המשלם הוא קופת חולים לאומית לשירותי בריאות הנפש"
    },
    {
      "code": "1P3",
      "display": "מכבי פסיכיאטריה",
      "definition": "הערך מכבי פסיכיאטריה מתאים למקרה בו הגורם המשלם הוא קופת חולים מכבי לשירותי בריאות הנפש"
    },
    {
      "code": "1P4",
      "display": "מאוחדת פסיכיאטריה",
      "definition": "הערך מאוחדת פסיכיאטריה מתאים למקרה בו הגורם המשלם הוא קופת חולים מאוחדת לשירותי בריאות הנפש"
    },
    {
      "code": "200",
      "display": "בתי חולים",
      "definition": "הערך בתי חולים מתאים למקרה בו הגורם המשלם הוא בית החולים"
    },
    {
      "code": "201",
      "display": "מוסדות לאשפוז כללי",
      "definition": "הערך מוסדות לאשפוז כללי מתאים למקרה בו הגורם המשלם הוא מוסד לאשפוז כללי כלשהו (יכול להיות בית יולדות"
    },
    {
      "code": "202",
      "display": "מוסדות לאשפוז נפש",
      "definition": "הערך מוסדות לאשפוז נפש מתאים למקרה בו הגורם המשלם הוא מוסד לאשפוז בבריאות הנפש (בית חולים פסיכיאטרי)"
    },
    {
      "code": "203",
      "display": "מוסדות למחלות ממושכות",
      "definition": "הערך מוסדות למחלות ממושכות מתאים למקרה בו הגורם המשלם הוא מוסד לאשפוז ממושך (בית חולים גריאטרי)"
    },
    {
      "code": "204",
      "display": "מוסדות לשיקום",
      "definition": "הערך מוסדות לשיקום מתאים למקרה בו הגורם המשלם הוא מוסד שיקום"
    },
    {
      "code": "300",
      "display": "ביטוח לאומי",
      "definition": "הערך ביטוח לאומי מתאים למקרה בו הגורם המשלם הוא ביטוח לאומי"
    },
    {
      "code": "400",
      "display": "משרדי ממשלה ומוסדות ציבור",
      "definition": "משרדי ממשלה ומוסדות ציבור מתאים למקרה בו הגורם המשלם הוא גורם ממשלתי או ציבורי"
    },
    {
      "code": "403",
      "display": "ממשל צבאי",
      "definition": "ממשל צבאי מתאים למקרה בו הגורם המשלם הוא הממשל הצבאי"
    },
    {
      "code": "404",
      "display": "משטרה",
      "definition": "הערך משטרה מתאים למקרה בו הגורם המשלם הוא המשטרה"
    },
    {
      "code": "406",
      "display": "משרד הבריאות",
      "definition": "הערך משרד הבריאות מתאים למקרה בו הגורם המשלם הוא משרד הבריאות"
    },
    {
      "code": "465",
      "display": "בתי ספר",
      "definition": "הערך בתי ספר מתאים למקרה בו הגורם המשלם הוא בית ספר"
    },
    {
      "code": "475",
      "display": "מוסדות דת",
      "definition": "הערך מוסדות דת מתאים למקרה בו הגורם המשלם הוא מוסד דת"
    },
    {
      "code": "490",
      "display": "או\"ם /כוח רב לאומי",
      "definition": "הערך או\"ם /כוח רב לאומי מתאים למקרה בו הגורם המשלם הוא האו\"ם או הכוח הרב לאומי"
    },
    {
      "code": "500",
      "display": "חברות פרטיות",
      "definition": "הערך חברות פרטיות מתאים למקרה בו הגורם המשלם הוא חברה פרטית (לאוו דווקא חברת ביטוח)"
    },
    {
      "code": "504",
      "display": "שגרירויות",
      "definition": "הערך שגרירויות מתאים למקרה בו הגורם המשלם הוא שגרירות"
    },
    {
      "code": "515",
      "display": "חברות ביטוח בהסדר",
      "definition": "הערך חברות ביטוח בהסדר מתאים למקרה בו הגורם המשלם הוא חברת ביטוח שבהסדר"
    },
    {
      "code": "530",
      "display": "חברות ביטוח זרות",
      "definition": "הערך חברות ביטוח זרות מתאים למקרה בו הגורם המשלם הוא חברת ביטוח זרה"
    },
    {
      "code": "593",
      "display": "חברות/הסכמי בתי חולים",
      "definition": "הערך חברות/הסכמי בתי חולים מתאים למקרה בו הגורם המשלם הוא חברה בהסכמי בתי חולים"
    },
    {
      "code": "600",
      "display": "פרטי",
      "definition": "הערך פרטי מתאים לכל המקרים בו הגורם המשלם הוא פרטי"
    },
    {
      "code": "601",
      "display": "פרטי- אזרח / תושב ארעי",
      "definition": "הערך פרטי- אזרח / תושב ארעי מתאים למקרה בו הגורם המשלם הוא אזרח או תושב ארעי"
    },
    {
      "code": "602",
      "display": "תושב חוץ",
      "definition": "הערך תושב חוץ מתאים למקרה בו הגורם המשלם הוא תושב חוץ (אזרח ישראלי המתגורר בחו\"ל)"
    },
    {
      "code": "603",
      "display": "פרטי - תושב חוץ / תייר",
      "definition": "הערך פרטי - תושב חוץ / תייר מתאים למקרה בו הגורם המשלם הוא תושב חוץ או תייר"
    },
    {
      "code": "700",
      "display": "חינם",
      "definition": "הערך חינם מתאים למקרה בו השירות ניתן בחינם ולא נדרש גורם משלם"
    },
    {
      "code": "701",
      "display": "ב\"ח חינם פרסונל",
      "definition": "הערך ב\"ח חינם פרסונל מתאים למקרה בו השירות ניתן בחינם למטופל פרוסנל והגורם המשלם הוא בעצם בית החולים"
    },
    {
      "code": "800",
      "display": "קרן מחקרים",
      "definition": "הערך קרן מחקרים מתאים מקרה בו קרן המחקרים משלמת לשירותי עובדיה"
    },
    {
      "code": "900",
      "display": "ברורים",
      "definition": "הערך ברורים מתאים למקרה בו עדיין לא ברור מי יהיה הגורם המשלם"
    },
    {
      "code": "901",
      "display": "מחיקת חובות",
      "definition": "הערך מחיקת חובות מתאים למקרה בו ישנו ויתור על תשלום חוב"
    },
    {
      "code": "280",
      "display": "תאגידים במרכז רפואי מחוץ",
      "definition": "הערך תאגידים במרכז רפואי מחוץ מתאים למקרה בו הגורם המשלם הוא התאגיד במרכז הרפואי"
    }
  ],
  "caseSensitive": false,
  "experimental": false,
  "count": 51
}
