{
  "resourceType": "Condition",
  "id": "condition-burnt-ear",
  "meta": {
    "profile": [
      "http://fhir.health.gov.il/StructureDefinition/il-core-condition"
    ]
  },
  "clinicalStatus": {
    "coding": [
      {
        "code": "active",
        "system": "http://terminology.hl7.org/CodeSystem/condition-clinical"
      }
    ]
  },
  "verificationStatus": {
    "coding": [
      {
        "code": "confirmed",
        "system": "http://terminology.hl7.org/CodeSystem/condition-ver-status"
      }
    ]
  },
  "category": [
    {
      "coding": [
        {
          "code": "encounter-diagnosis",
          "system": "http://terminology.hl7.org/CodeSystem/condition-category",
          "display": "Encounter Diagnosis"
        },
        {
          "code": "439401001",
          "system": "http://snomed.info/sct",
          "display": "Diagnosis"
        }
      ]
    }
  ],
  "severity": {
    "coding": [
      {
        "code": "24484000",
        "system": "http://snomed.info/sct",
        "display": "Severe"
      }
    ]
  },
  "code": {
    "coding": [
      {
        "code": "39065001",
        "system": "http://snomed.info/sct",
        "display": "Burn of ear"
      }
    ],
    "text": "Burnt Ear"
  },
  "bodySite": [
    {
      "coding": [
        {
          "code": "49521004",
          "system": "http://snomed.info/sct",
          "display": "Left external ear structure"
        }
      ],
      "text": "Left Ear"
    }
  ],
  "subject": {
    "reference": "Patient/patient-with-israeli-id"
  },
  "onsetDateTime": "2012-05-24"
}
