{
  "resourceType": "Condition",
  "id": "condition-type-1-diabetes",
  "meta": {
    "profile": [
      "http://fhir.health.gov.il/StructureDefinition/il-core-condition"
    ]
  },
  "clinicalStatus": {
    "coding": [
      {
        "code": "active",
        "system": "http://terminology.hl7.org/CodeSystem/condition-clinical"
      }
    ]
  },
  "verificationStatus": {
    "coding": [
      {
        "code": "confirmed",
        "system": "http://terminology.hl7.org/CodeSystem/condition-ver-status"
      }
    ]
  },
  "category": [
    {
      "coding": [
        {
          "code": "encounter-diagnosis",
          "system": "http://terminology.hl7.org/CodeSystem/condition-category",
          "display": "Encounter Diagnosis"
        },
        {
          "code": "439401001",
          "system": "http://snomed.info/sct",
          "display": "Diagnosis"
        }
      ]
    }
  ],
  "severity": {
    "coding": [
      {
        "code": "24484000",
        "system": "http://snomed.info/sct",
        "display": "Severe"
      }
    ]
  },
  "code": {
    "coding": [
      {
        "code": "22298006",
        "system": "http://snomed.info/sct",
        "display": "Type 1 diabetes mellitus"
      }
    ],
    "text": "Type 1 Diabetes"
  },
  "bodySite": [
    {
      "coding": [
        {
          "code": "181347002",
          "system": "http://snomed.info/sct",
          "display": "Entire pancreas"
        }
      ],
      "text": "Pancreas"
    }
  ],
  "subject": {
    "reference": "Patient/patient-with-israeli-id"
  },
  "onsetDateTime": "2012-05-24"
}
