{
  "resourceType": "ImplementationGuide",
  "id": "ILCore",
  "url": "http://fhir.health.gov.il/ImplementationGuide/ILCore",
  "version": "4.0.1",
  "name": "ILCoreImplementationGuide",
  "title": "IL Core Implementation Guide",
  "status": "draft",
  "contact": [
    {
      "name": "Kippi Bordowitz",
      "telecom": [
        {
          "system": "email",
          "value": "amos@outburn.co.il"
        }
      ]
    }
  ],
  "description": "Implementation guide for Israel Core FHIR",
  "packageId": "ILCore",
  "license": "CC0-1.0",
  "fhirVersion": [
    "4.0.1"
  ],
  "dependsOn": [
    {
      "packageId": "hl7.fhir.us.core",
      "uri": "http://hl7.org/fhir/us/core/ImplementationGuide/ig",
      "version": "4.1.0",
      "id": "hl7_fhir_us_core"
    }
  ],
  "definition": {
    "resource": [
      {
        "reference": {
          "reference": "StructureDefinition/il-core-address"
        },
        "name": "ILCore Address Profile",
        "description": "Adds several Israel-specific extensions and constraints, plus geocode extension to the Address datatype",
        "exampleBoolean": false
      },
      {
        "reference": {
          "reference": "StructureDefinition/il-core-allergy-intolerance"
        },
        "name": "ILCore AllergyIntolerance Profile",
        "description": "Israel Core proposed constraints and extensions on the AllergyIntolerance Resource",
        "exampleBoolean": false
      },
      {
        "reference": {
          "reference": "StructureDefinition/il-core-claim"
        },
        "name": "ILCore Claim Profile",
        "description": "Israel Core proposed constraints and extensions on the Claim Resource",
        "exampleBoolean": false
      },
      {
        "reference": {
          "reference": "StructureDefinition/il-core-condition"
        },
        "name": "ILCore Condition Profile",
        "description": "Israel Core proposed constraints and extensions on the Condition Resource",
        "exampleBoolean": false
      },
      {
        "reference": {
          "reference": "StructureDefinition/il-core-coverage-eligibility-request"
        },
        "name": "ILCore CoverageEligibilityRequest Profile",
        "description": "Israel Core proposed constraints and extensions on the CoverageEligibilityRequest Resource",
        "exampleBoolean": false
      },
      {
        "reference": {
          "reference": "StructureDefinition/il-core-coverage-eligibility-response"
        },
        "name": "ILCore CoverageEligibilityResponse Profile",
        "description": "Israel Core proposed constraints and extensions on the CoverageEligibilityResponse Resource",
        "exampleBoolean": false
      },
      {
        "reference": {
          "reference": "StructureDefinition/il-core-device"
        },
        "name": "ILCore Device Profile",
        "description": "Israel Core proposed constraints and extensions on the Device Resource",
        "exampleBoolean": false
      },
      {
        "reference": {
          "reference": "StructureDefinition/il-core-device-definition"
        },
        "name": "ILCore DeviceDefinition Profile",
        "description": "Israel Core proposed constraints and extensions on the DeviceDefinition Resource",
        "exampleBoolean": false
      },
      {
        "reference": {
          "reference": "StructureDefinition/il-core-diagnostic-report"
        },
        "name": "ILCore DiagnosticReport Profile",
        "description": "Israel Core proposed constraints and extensions on the DiagnosticReport Resource",
        "exampleBoolean": false
      },
      {
        "reference": {
          "reference": "StructureDefinition/il-core-document-reference"
        },
        "name": "ILCore DocumentReference Profile",
        "description": "Israel Core proposed constraints and extensions on the DocumentReference Resource",
        "exampleBoolean": false
      },
      {
        "reference": {
          "reference": "StructureDefinition/il-core-encounter"
        },
        "name": "ILCore Encounter Profile",
        "description": "Israel Core proposed constraints and extensions on the Encounter Resource",
        "exampleBoolean": false
      },
      {
        "reference": {
          "reference": "StructureDefinition/il-core-family-member-history"
        },
        "name": "ILCore FamilyMemberHistory Profile",
        "description": "Israel Core proposed constraints and extensions on theILCoreFamilyMemberHistory Resource",
        "exampleBoolean": false
      },
      {
        "reference": {
          "reference": "StructureDefinition/il-core-group"
        },
        "name": "ILCore Group Profile",
        "description": "Israel Core proposed constraints and extensions on the Group Resource",
        "exampleBoolean": false
      },
      {
        "reference": {
          "reference": "StructureDefinition/il-core-imaging-study"
        },
        "name": "ILCore ImagingStudy Profile",
        "description": "Israel Core proposed constraints and extensions on the ImagingStudy Resource",
        "exampleBoolean": false
      },
      {
        "reference": {
          "reference": "StructureDefinition/il-core-immunization"
        },
        "name": "ILCore Immunization Profile",
        "description": "Israel Core proposed constraints and extensions on the Immunization Resource",
        "exampleBoolean": false
      },
      {
        "reference": {
          "reference": "StructureDefinition/il-core-immunization-reaction-observation"
        },
        "name": "ILCore ImmunizationReactionObservation Profile",
        "description": "Israel Core proposed constraints and extensions on the ImmunizationReactionObservation Resource",
        "exampleBoolean": false
      },
      {
        "reference": {
          "reference": "StructureDefinition/il-core-location"
        },
        "name": "ILCore Location Profile",
        "description": "Israel Core proposed constraints and extensions on the Location Resource",
        "exampleBoolean": false
      },
      {
        "reference": {
          "reference": "StructureDefinition/il-core-media"
        },
        "name": "ILCore Media Profile",
        "description": "Israel Core proposed constraints and extensions on the Media Resource",
        "exampleBoolean": false
      },
      {
        "reference": {
          "reference": "StructureDefinition/il-core-medication"
        },
        "name": "ILCore Medication Profile",
        "description": "Israel Core proposed constraints and extensions on the Medication Resource",
        "exampleBoolean": false
      },
      {
        "reference": {
          "reference": "StructureDefinition/il-core-medication-request"
        },
        "name": "ILCore MedicationRequest Profile",
        "description": "Israel Core proposed constraints and extensions on the MedicationRequest  Resource",
        "exampleBoolean": false
      },
      {
        "reference": {
          "reference": "StructureDefinition/il-core-observation"
        },
        "name": "ILCore Observation Profile",
        "description": "Israel Core proposed constraints and extensions on the Observation Resource",
        "exampleBoolean": false
      },
      {
        "reference": {
          "reference": "StructureDefinition/il-core-observation-lab"
        },
        "name": "ILCore Observation Lab Profile",
        "description": "Israel Core proposed constraints and extensions on the ILCoreObservation Resource for laboratory observations",
        "exampleBoolean": false
      },
      {
        "reference": {
          "reference": "StructureDefinition/il-core-organization"
        },
        "name": "ILCore Organization Profile",
        "description": "Israel Core proposed constraints and extensions on the Organization Resource",
        "exampleBoolean": false
      },
      {
        "reference": {
          "reference": "StructureDefinition/il-core-patient"
        },
        "name": "ILCore Patient Profile",
        "description": "Israel Core Proposed constraints and extensions on the Patient Resource.",
        "exampleBoolean": false
      },
      {
        "reference": {
          "reference": "StructureDefinition/il-core-plan-definition"
        },
        "name": "ILCore PlanDefinition Profile",
        "description": "Israel Core proposed constraints and extensions on the PlanDefinition Resource",
        "exampleBoolean": false
      },
      {
        "reference": {
          "reference": "StructureDefinition/il-core-practitioner"
        },
        "name": "ILCore Practitioner Profile",
        "description": "Israel Core proposed constraints and extensions on the Practitioner Resource",
        "exampleBoolean": false
      },
      {
        "reference": {
          "reference": "StructureDefinition/il-core-practitioner-role"
        },
        "name": "ILCore PractitionerRole Profile",
        "description": "Israel Core proposed constraints and extensions on the PractitionerRole Resource",
        "exampleBoolean": false
      },
      {
        "reference": {
          "reference": "StructureDefinition/il-core-procedure"
        },
        "name": "ILCore Procedure Profile",
        "description": "Israel Core proposed constraints and extensions on the Procedure Resource",
        "exampleBoolean": false
      },
      {
        "reference": {
          "reference": "StructureDefinition/il-core-questionnaire-response"
        },
        "name": "ILCore QuestionnaireResponse Profile",
        "description": "Israel Core proposed constraints and extensions on the QuestionnaireResponse Resource",
        "exampleBoolean": false
      },
      {
        "reference": {
          "reference": "StructureDefinition/il-core-related-person"
        },
        "name": "ILCore RelatedPerson Profile",
        "description": "Israel Core proposed constraints and extensions on the RelatedPerson Resource",
        "exampleBoolean": false
      },
      {
        "reference": {
          "reference": "StructureDefinition/il-core-service-request"
        },
        "name": "ILCore ServiceRequest Profile",
        "description": "Israel Core proposed constraints and extensions on the ServiceRequest Resource",
        "exampleBoolean": false
      },
      {
        "reference": {
          "reference": "StructureDefinition/il-core-specimen"
        },
        "name": "ILCore Specimen Profile",
        "description": "Israel Core proposed constraints and extensions on the Specimen Resource",
        "exampleBoolean": false
      },
      {
        "reference": {
          "reference": "StructureDefinition/ext-admin-parent-name"
        },
        "name": "Administrative Parent Name",
        "description": "Extension: The name of a person’s parent, recorded for administrative purposes as part of the person’s demographics (e.g to help with identification). This SHOULD NOT be confused with a parent whose details are recorded for contact purposes (Patient.contact) or as a family member (RelatedPerson). Most systems will use the “father’s name” field as the source of data for this extension. NOTE: This extension replaces the old ParentName extension and is the PREFFERED extension. Note: there SHOULD be only one parent marked as 'official'",
        "exampleBoolean": false
      },
      {
        "reference": {
          "reference": "StructureDefinition/ext-allergy-intolerance-end"
        },
        "name": "Allergy Intolerance End",
        "description": "Supports the date when the allergy or intolerance was no longer valid, and/or, the reason why the allergy or intolerance is no longer valid.",
        "exampleBoolean": false
      },
      {
        "reference": {
          "reference": "StructureDefinition/ext-city-code"
        },
        "name": "City Code",
        "description": "A coded representation of the city, town or settlement",
        "exampleBoolean": false
      },
      {
        "reference": {
          "reference": "StructureDefinition/ext-event-occurrence-location"
        },
        "name": "Event Occurrence Location",
        "description": "Extension: Location in which an event occurred",
        "exampleBoolean": false
      },
      {
        "reference": {
          "reference": "StructureDefinition/ext-hebrew-date"
        },
        "name": "Hebrew Date",
        "description": "Extension: Allows the use of Hebrew dates",
        "exampleBoolean": false
      },
      {
        "reference": {
          "reference": "StructureDefinition/ext-il-hmo"
        },
        "name": "Israel Health Management Organization (קופת חולים)",
        "description": "Extension: Israel Health Management Organizations (קופות חולים)",
        "exampleBoolean": false
      },
      {
        "reference": {
          "reference": "StructureDefinition/ext-parent-name"
        },
        "name": "Name of parent",
        "description": "Extension: The name of a parent. NOTE: This extension is now DEPRECATED (ststus: retired) and has been replaced with AdminParentName",
        "exampleBoolean": false
      },
      {
        "reference": {
          "reference": "StructureDefinition/ext-patient-immigration"
        },
        "name": "Patient Immigration",
        "description": "Extension: Immigration information for patient - for the purpose of this extension - immigration is an international movement of a person to a destination country in order to settle as permanent resident",
        "exampleBoolean": false
      },
      {
        "reference": {
          "reference": "StructureDefinition/ext-qualification-practice"
        },
        "name": "Qualification Practice",
        "description": "Extension: Qualification Practice",
        "exampleBoolean": false
      },
      {
        "reference": {
          "reference": "StructureDefinition/ext-reaction-duration"
        },
        "name": "Reaction Duration",
        "description": "Extension: Reaction Duration",
        "exampleBoolean": false
      },
      {
        "reference": {
          "reference": "StructureDefinition/ext-statistical-area"
        },
        "name": "Statistical Area",
        "description": "Extension: Statistical Area. A concatination of the city symbol + 4-digit statistical area code in settelment. Full CBS number conatins two parts: City symbol + statistical number. E.g.: Jerusalem (3000) 113 area produces -> 3000113",
        "exampleBoolean": false
      },
      {
        "reference": {
          "reference": "ValueSet/city-symbol"
        },
        "name": "City Symbol (סמל ישוב)",
        "description": "City classification according to the Israeli Postal Company city-symbol coding system",
        "exampleBoolean": false
      },
      {
        "reference": {
          "reference": "ValueSet/hebrew-date-day"
        },
        "name": "Hebrew Date Day",
        "description": "Codes for Hebrew date days",
        "exampleBoolean": false
      },
      {
        "reference": {
          "reference": "ValueSet/hebrew-date-month"
        },
        "name": "Hebrew Date Month",
        "description": "Codes for Hebrew date months",
        "exampleBoolean": false
      },
      {
        "reference": {
          "reference": "ValueSet/icd9il-diagnoses"
        },
        "name": "ICD9 IL Diagnoses",
        "description": "codes of diagnoses from ICD9-IL",
        "exampleBoolean": false
      },
      {
        "reference": {
          "reference": "ValueSet/icd9il-procedures"
        },
        "name": "ICD9 IL Procedures",
        "description": "codes of procedures from ICD9-IL",
        "exampleBoolean": false
      },
      {
        "reference": {
          "reference": "ValueSet/il-core-allergy-intolerance-code"
        },
        "name": "IL Core Allergy Intolerance Code",
        "description": "A list of codes for Allergy Intolerance for the IL Core",
        "exampleBoolean": false
      },
      {
        "reference": {
          "reference": "ValueSet/il-core-allergy-intolerance-end-reason"
        },
        "name": "IL Core Condition End Reason",
        "description": "A list of codes for End Reasons of Allergy Intolerance for the IL Core",
        "exampleBoolean": false
      },
      {
        "reference": {
          "reference": "ValueSet/il-core-condition-category"
        },
        "name": "IL Core Condition Category Codes",
        "description": "A list of category codes for conditions for the IL Core",
        "exampleBoolean": false
      },
      {
        "reference": {
          "reference": "ValueSet/il-core-condition-code"
        },
        "name": "IL Core Condition Code",
        "description": "A list of codes for conditions for the IL Core",
        "exampleBoolean": false
      },
      {
        "reference": {
          "reference": "ValueSet/il-core-manifestation"
        },
        "name": "IL Core Condition Codes",
        "description": "A list of codes for intolerance manifestation for the IL Core",
        "exampleBoolean": false
      },
      {
        "reference": {
          "reference": "ValueSet/il-core-medication-code"
        },
        "name": "ILCore Medication Code",
        "description": "Codes for medications according to ILCore catalogue",
        "exampleBoolean": false
      },
      {
        "reference": {
          "reference": "ValueSet/il-core-not-performed-reason"
        },
        "name": "IL Core procedure Reason",
        "description": "A list of codes for procedure reasons for the IL Core",
        "exampleBoolean": false
      },
      {
        "reference": {
          "reference": "ValueSet/il-core-observation-code"
        },
        "name": "IL Core Observation Codes",
        "description": "A list of code codes for observations for the IL Core",
        "exampleBoolean": false
      },
      {
        "reference": {
          "reference": "ValueSet/il-core-observation-value"
        },
        "name": "IL Core Observation Value Codes",
        "description": "A list of value codes for observations for the IL Core \n\nNote: The entire LOINC code system is included in this ValueSet although it should only include LOINC Answers - LOINC codes that start with 'LA'. Since there is no computable way to define a ValueSet according to the code's prefix, we rely on an invariant to enforce this rule.",
        "exampleBoolean": false
      },
      {
        "reference": {
          "reference": "ValueSet/il-core-parent-name-role"
        },
        "name": "The role of the parent (father/mother) whose name is recorded",
        "description": "This set of codes is used to mark a parent name as a father or mother’s name. Should only be used by systems that explicitly differentiate between the two.",
        "exampleBoolean": false
      },
      {
        "reference": {
          "reference": "ValueSet/patient-relationship-type"
        },
        "name": "IL Core Patient Relationship Type codes",
        "description": "A set of codes that can be used to indicate the relationship between a Patient and a Related Person.",
        "exampleBoolean": false
      },
      {
        "reference": {
          "reference": "ValueSet/il-core-procedure-code"
        },
        "name": "IL Core procedure Codes",
        "description": "A list of codes for procedures for the IL Core",
        "exampleBoolean": false
      },
      {
        "reference": {
          "reference": "ValueSet/il-core-procedure-reason"
        },
        "name": "IL Core procedure Reason",
        "description": "A list of codes for procedure reasons for the IL Core",
        "exampleBoolean": false
      },
      {
        "reference": {
          "reference": "ValueSet/il-core-route-code"
        },
        "name": "IL Core Route Code",
        "description": "A list of codes for Route for the IL Core",
        "exampleBoolean": false
      },
      {
        "reference": {
          "reference": "ValueSet/il-core-service-category"
        },
        "name": "IL Core ServiceCategory",
        "description": "A list of codes for Service Category for the IL Core",
        "exampleBoolean": false
      },
      {
        "reference": {
          "reference": "ValueSet/il-core-substance"
        },
        "name": "IL Core Substance Codes",
        "description": "A list of codes for Substances for the IL Core",
        "exampleBoolean": false
      },
      {
        "reference": {
          "reference": "ValueSet/icd9-cm-diagnoses"
        },
        "name": "Icd9 Cm diagnoses",
        "description": "All Diagnosis codes from ICD9-CM codesystem",
        "exampleBoolean": false
      },
      {
        "reference": {
          "reference": "ValueSet/icd9-cm-procedures"
        },
        "name": "Icd9 Cm Procedures",
        "description": "All Procedure codes from ICD9-CM codesystem",
        "exampleBoolean": false
      },
      {
        "reference": {
          "reference": "ValueSet/immunization-body-site"
        },
        "name": "Immunization Observation Body Site list",
        "description": "All codes from SNOMED CT describing body sites for Immunization Observation",
        "exampleBoolean": false
      },
      {
        "reference": {
          "reference": "ValueSet/immunization-side-effect"
        },
        "name": "Immunization side-effect codes",
        "description": "Codes from SNOMED CT detailing possible immunization-side-effects for ILCoreImmunizationReactionObservation profile",
        "exampleBoolean": false
      },
      {
        "reference": {
          "reference": "ValueSet/institution-type-moh"
        },
        "name": "סוג מוסד לפי רישוי משרד הבריאות",
        "description": "סוג מוסד לפי רישוי משרד הבריאות - הרוב המכריע נמצא בפרסום המאגר של רישוי מוסדות של משרד הבריאות",
        "exampleBoolean": false
      },
      {
        "reference": {
          "reference": "ValueSet/israel-hmo"
        },
        "name": "Israeli Health Management Organization (קופת חולים)",
        "description": "A code classifying Health Management Organizations",
        "exampleBoolean": false
      },
      {
        "reference": {
          "reference": "ValueSet/medical-service-moh"
        },
        "name": "קוד מוצר או שירות",
        "description": "קוד שירותים רפואיים , כולל שירותים באשפוז, שירותים אמבולטוריים, רפואת שיניים ובריאות הנפש",
        "exampleBoolean": false
      },
      {
        "reference": {
          "reference": "ValueSet/moh-medication-code"
        },
        "name": "MoH Medication Code",
        "description": "Codes for medications according to MoH catalogue",
        "exampleBoolean": false
      },
      {
        "reference": {
          "reference": "ValueSet/passport-uri"
        },
        "name": "Passport URIs",
        "description": "A country specific URI for passport numbers",
        "exampleBoolean": false
      },
      {
        "reference": {
          "reference": "ValueSet/practitioner-advanced-course-moh"
        },
        "name": "קוד קורס על בסיסי לעוסק בסיעוד",
        "description": "קוד קורס על בסיסי לעוסק בסיעוד לפי רישוי משרד הבריאות",
        "exampleBoolean": false
      },
      {
        "reference": {
          "reference": "ValueSet/practitioner-certificate-type"
        },
        "name": "Practitioner Certificate Types",
        "description": "A list of codes for certificate types for all medical practitioners",
        "exampleBoolean": false
      },
      {
        "reference": {
          "reference": "ValueSet/practitioner-education-moh"
        },
        "name": "קוד מומחיות לעוסק בבריאות",
        "description": "קוד מומחיות לעוסק בבריאות לפי רישוי משרד הבריאות",
        "exampleBoolean": false
      },
      {
        "reference": {
          "reference": "ValueSet/practitioner-expertise-moh"
        },
        "name": "קוד מומחיות לעוסק בבריאות",
        "description": "קוד מומחיות לעוסק בבריאות לפי רישוי משרד הבריאות",
        "exampleBoolean": false
      },
      {
        "reference": {
          "reference": "ValueSet/practitioner-nurse-profession-moh"
        },
        "name": "קוד מקצוע לעוסק בסיעוד",
        "description": "קוד מקצוע לעוסק בסיעוד לפי רישוי משרד הבריאות",
        "exampleBoolean": false
      },
      {
        "reference": {
          "reference": "ValueSet/practitioner-profession-moh"
        },
        "name": "קוד מקצוע לעוסק בבריאות",
        "description": " קוד מקצוע לעוסק בבריאות לפי רישוי משרד הבריאות. שימו לב: מקצועות הסיעוד הוחרגו מרשימה זו ונמצאים ברשימה נפרדת",
        "exampleBoolean": false
      },
      {
        "reference": {
          "reference": "ValueSet/reason-not-done"
        },
        "name": "statusReason codes for Immunization profile",
        "description": "Codes from SNOMED CT describing reasons for Immnization not taking place, for statusCode",
        "exampleBoolean": false
      },
      {
        "reference": {
          "reference": "ValueSet/statistical-area-uri"
        },
        "name": "Israeli statistical area (אג\"ס) URI",
        "description": "URI's of statistical area identifiers. NOTE: When using CBS-statistical area numbers, use as directed in the statistical-area NamingSystem - i.e.,: 4-digit citiy code + 3-digit statistical area code. See [here](https://simplifier.net/ilcore/cbs-statistical-area)",
        "exampleBoolean": false
      },
      {
        "reference": {
          "reference": "ValueSet/target-disease"
        },
        "name": "Target Disease Codes",
        "description": "SNOMED based valueset of all Disease caused by microorganism or bacterial toxin",
        "exampleBoolean": false
      },
      {
        "reference": {
          "reference": "ValueSet/vaccine-code"
        },
        "name": "Vaccine Codes",
        "description": "A list of SNOMED codes for vaccines",
        "exampleBoolean": false
      },
      {
        "reference": {
          "reference": "ValueSet/vaccine-product-code"
        },
        "name": "Vaccine Product Codes",
        "description": "A list of codes for vaccine products from atc, YARPA and cvx codeSystems",
        "exampleBoolean": false
      },
      {
        "reference": {
          "reference": "ValueSet/yarpa-medication-code"
        },
        "name": "Yarpa Medication Code",
        "description": "Codes for medications according to 'Yarpa' catalogue",
        "exampleBoolean": false
      },
      {
        "reference": {
          "reference": "CodeSystem/city-symbol"
        },
        "name": "City Symbol (סמל ישוב)",
        "description": "Codes for cities in Israel",
        "exampleBoolean": false
      },
      {
        "reference": {
          "reference": "CodeSystem/hebrew-date-day"
        },
        "name": "Hebrew Date Day",
        "description": "Codes for Hebrew date days",
        "exampleBoolean": false
      },
      {
        "reference": {
          "reference": "CodeSystem/hebrew-date-month"
        },
        "name": "Hebrew Date Month",
        "description": "Codes for Hebrew date months",
        "exampleBoolean": false
      },
      {
        "reference": {
          "reference": "CodeSystem/icd9il"
        },
        "name": "ICD9IL: Adendum to ICD9 according to codes by Israeli MoH",
        "description": "Strings for procedures and diagnoses, added to ICD9",
        "exampleBoolean": false
      },
      {
        "reference": {
          "reference": "CodeSystem/il-core-not-performed-reason"
        },
        "name": "IL Core Not PErfomed Reasons",
        "description": "A list of codes for reasons an observation was not made",
        "exampleBoolean": false
      },
      {
        "reference": {
          "reference": "CodeSystem/institution-type-moh"
        },
        "name": "סוג מוסד לפי רישוי משרד הבריאות",
        "description": "סוג מוסד לפי רישוי משרד הבריאות - הרוב המכריע נמצא בפרסום המאגר של רישוי מוסדות של משרד הבריאות",
        "exampleBoolean": false
      },
      {
        "reference": {
          "reference": "CodeSystem/medical-service-moh"
        },
        "name": "קוד מוצר או שירות על פי משרד הבריאות",
        "description": "קוד שירותים רפואיים , כולל שירותים באשפוז, שירותים אמבולטוריים, רפואת שיניים ובריאות הנפש \n Codes for medical services. Note that while this code system closely resembles CPT and includes a large number of CPT codes, there are some additional codes that are not covered by CPT and, more importantly, some cases where CPT codes are remapped and have different semantic meanings (e.g., code #28899 has two different meanings in CPT and in MoH codesytem). Therefore, despite apparent resemblance, this code system MUST NOT be treated as CPT.",
        "exampleBoolean": false
      },
      {
        "reference": {
          "reference": "CodeSystem/moh-medication-code"
        },
        "name": "MoH Medication Codes",
        "description": "Codes for medications according to MoH catalogue",
        "exampleBoolean": false
      },
      {
        "reference": {
          "reference": "CodeSystem/paying-entity-moh"
        },
        "name": "Payer (Paying Entity / גורם משלם)",
        "description": "Codes for different paying entities in Israel; including HMOs, IDF, MoD, PLA, Prison system",
        "exampleBoolean": false
      },
      {
        "reference": {
          "reference": "CodeSystem/practitioner-advanced-course-moh"
        },
        "name": "Ministry of Health practitioner advanced courses codes",
        "description": "Codes for practitioner advanced courses according to Israeli MoH",
        "exampleBoolean": false
      },
      {
        "reference": {
          "reference": "CodeSystem/practitioner-certificate-type-moh"
        },
        "name": "MoH Certificate Types",
        "description": "A list of codes for certificate types according to Israeli MoH",
        "exampleBoolean": false
      },
      {
        "reference": {
          "reference": "CodeSystem/practitioner-certificate-type-molsa"
        },
        "name": "MoLSA Certificate Types",
        "description": "A list of codes for certificate types according to Israeli MoLSA",
        "exampleBoolean": false
      },
      {
        "reference": {
          "reference": "CodeSystem/practitioner-education-type-moh"
        },
        "name": "Ministry of Health practitioner-education-type codes",
        "description": "Codes for practitioner-education-types according to Israeli MoH",
        "exampleBoolean": false
      },
      {
        "reference": {
          "reference": "CodeSystem/practitioner-expertise-moh"
        },
        "name": "קוד מומחיות לעוסק בבריאות",
        "description": "קוד מומחיות לעוסק בבריאות לפי רישוי משרד הבריאות",
        "exampleBoolean": false
      },
      {
        "reference": {
          "reference": "CodeSystem/practitioner-profession-moh"
        },
        "name": "קוד מקצוע לעוסק בבריאות",
        "description": "קוד מקצוע לעוסק בבריאות לפי רישוי משרד הבריאות",
        "exampleBoolean": false
      },
      {
        "reference": {
          "reference": "CodeSystem/yarpa-medication-code"
        },
        "name": "Yarpa Medication Codes",
        "description": "Codes for medications according to 'Yarpa' catalogue",
        "exampleBoolean": false
      },
      {
        "reference": {
          "reference": "Immunization/Immunization-with-product-code"
        },
        "name": "Immunization-with-product-code",
        "exampleCanonical": "http://fhir.health.gov.il/StructureDefinition/il-core-immunization"
      },
      {
        "reference": {
          "reference": "Immunization/Immunization-with-vaccine-code"
        },
        "name": "Immunization-with-vaccine-code",
        "exampleCanonical": "http://fhir.health.gov.il/StructureDefinition/il-core-immunization"
      },
      {
        "reference": {
          "reference": "AllergyIntolerance/allergyIntolerance-aspirin-intolerance"
        },
        "name": "AllergyIntollerance: aspirin-intolerance",
        "description": "An example of ILCoreAllergyIntolerance of a aspirin intolerance",
        "exampleCanonical": "http://fhir.health.gov.il/StructureDefinition/il-core-allergy-intolerance"
      },
      {
        "reference": {
          "reference": "AllergyIntolerance/allergyIntolerance-cat-dander-allergy"
        },
        "name": "AllergyIntollerance: cat-dander-allergy",
        "description": "An example of ILCoreAllergyIntolerance of a cat-dander allergy",
        "exampleCanonical": "http://fhir.health.gov.il/StructureDefinition/il-core-allergy-intolerance"
      },
      {
        "reference": {
          "reference": "AllergyIntolerance/allergyIntolerance-latex-allergy"
        },
        "name": "AllergyIntollerance: latex-allergy",
        "description": "An example of ILCoreAllergyIntolerance of a latex allergy",
        "exampleCanonical": "http://fhir.health.gov.il/StructureDefinition/il-core-allergy-intolerance"
      },
      {
        "reference": {
          "reference": "AllergyIntolerance/allergyIntolerance-no-known-allergy"
        },
        "name": "AllergyIntollerance: no-known-allergy",
        "description": "An example of ILCoreAllergyIntolerance a person with no known allergies",
        "exampleCanonical": "http://fhir.health.gov.il/StructureDefinition/il-core-allergy-intolerance"
      },
      {
        "reference": {
          "reference": "AllergyIntolerance/allergyIntolerance-penut-allergy-resolved"
        },
        "name": "AllergyIntollerance: penut-allergy",
        "description": "An example of ILCoreAllergyIntolerance of a penut allergy",
        "exampleCanonical": "http://fhir.health.gov.il/StructureDefinition/il-core-allergy-intolerance"
      },
      {
        "reference": {
          "reference": "Practitioner/anesthesiologist-with-expertise"
        },
        "name": "anesthesiologist-with-expertise",
        "exampleCanonical": "http://fhir.health.gov.il/StructureDefinition/il-core-practitioner"
      },
      {
        "reference": {
          "reference": "NamingSystem/cbs-statistical-area"
        },
        "name": "cbs-statistical-area",
        "exampleBoolean": false
      },
      {
        "reference": {
          "reference": "Condition/condition-burnt-ear"
        },
        "name": "condition-burnt-ear",
        "exampleCanonical": "http://fhir.health.gov.il/StructureDefinition/il-core-condition"
      },
      {
        "reference": {
          "reference": "Condition/condition-type-1-diabetes"
        },
        "name": "condition-type-1-diabetes",
        "exampleCanonical": "http://fhir.health.gov.il/StructureDefinition/il-core-condition"
      },
      {
        "reference": {
          "reference": "NamingSystem/il-national-id"
        },
        "name": "il-national-id",
        "exampleBoolean": false
      },
      {
        "reference": {
          "reference": "NamingSystem/legal-entity"
        },
        "name": "legal-entity",
        "exampleBoolean": false
      },
      {
        "reference": {
          "reference": "Location/location-general-kind-hospital-ward"
        },
        "name": "location-general-kind-hospital-ward",
        "exampleCanonical": "http://fhir.health.gov.il/StructureDefinition/il-core-location"
      },
      {
        "reference": {
          "reference": "Location/location-hospital-unit"
        },
        "name": "location-hospital-unit",
        "exampleCanonical": "http://fhir.health.gov.il/StructureDefinition/il-core-location"
      },
      {
        "reference": {
          "reference": "NamingSystem/nurse-advanced-course"
        },
        "name": "nurse-advanced-course",
        "exampleBoolean": false
      },
      {
        "reference": {
          "reference": "NamingSystem/nurse-expertise"
        },
        "name": "nurse-expertise",
        "exampleBoolean": false
      },
      {
        "reference": {
          "reference": "NamingSystem/nurse-registration"
        },
        "name": "nurse-registration",
        "exampleBoolean": false
      },
      {
        "reference": {
          "reference": "Observation/observation-not-performed"
        },
        "name": "Observation that hasn't been performed, with data absent reason",
        "description": "testing",
        "exampleCanonical": "http://fhir.health.gov.il/StructureDefinition/il-core-observation"
      },
      {
        "reference": {
          "reference": "Organization/organization-ministry-of-health"
        },
        "name": "organization-ministry-of-health",
        "exampleCanonical": "http://fhir.health.gov.il/StructureDefinition/il-core-organization"
      },
      {
        "reference": {
          "reference": "Organization/organization-part-of-ministry-of-health"
        },
        "name": "organization-part-of-ministry-of-health",
        "exampleCanonical": "http://fhir.health.gov.il/StructureDefinition/il-core-organization"
      },
      {
        "reference": {
          "reference": "Organization/organization-school-moe"
        },
        "name": "organization-school-moe",
        "exampleCanonical": "http://fhir.health.gov.il/StructureDefinition/il-core-organization"
      },
      {
        "reference": {
          "reference": "Procedure/partial-parotidectomy"
        },
        "name": "partial-parotidectomy",
        "exampleCanonical": "http://fhir.health.gov.il/StructureDefinition/il-core-procedure"
      },
      {
        "reference": {
          "reference": "Patient/patient-immigrant"
        },
        "name": "patient-immigrant",
        "exampleCanonical": "http://fhir.health.gov.il/StructureDefinition/il-core-patient"
      },
      {
        "reference": {
          "reference": "Patient/patient-israeli-redacted"
        },
        "name": "patient-israeli-redacted",
        "exampleCanonical": "http://fhir.health.gov.il/StructureDefinition/il-core-patient"
      },
      {
        "reference": {
          "reference": "Patient/patient-israeli-with-statistical-area"
        },
        "name": "patient-israeli-with-statistical-area",
        "exampleCanonical": "http://fhir.health.gov.il/StructureDefinition/il-core-patient"
      },
      {
        "reference": {
          "reference": "Patient/patient-israeli-with-two-identifiers"
        },
        "name": "patient-israeli-with-two-identifiers",
        "description": "Israeli Patient with two identifiers",
        "exampleCanonical": "http://fhir.health.gov.il/StructureDefinition/il-core-patient"
      },
      {
        "reference": {
          "reference": "Patient/patient-with-hebrew-date"
        },
        "name": "patient-with-hebrew-date",
        "exampleCanonical": "http://fhir.health.gov.il/StructureDefinition/il-core-patient"
      },
      {
        "reference": {
          "reference": "Patient/patient-with-israeli-id"
        },
        "name": "patient-with-israeli-id",
        "exampleCanonical": "http://fhir.health.gov.il/StructureDefinition/il-core-patient"
      },
      {
        "reference": {
          "reference": "Patient/patient-with-multiple-birth"
        },
        "name": "patient-with-multiple-birth",
        "exampleCanonical": "http://fhir.health.gov.il/StructureDefinition/il-core-patient"
      },
      {
        "reference": {
          "reference": "Patient/patient-with-palestinian-id"
        },
        "name": "patient-with-palestinian-id",
        "exampleCanonical": "http://fhir.health.gov.il/StructureDefinition/il-core-patient"
      },
      {
        "reference": {
          "reference": "Patient/patient-with-passport-identification"
        },
        "name": "patient-with-passport-identification",
        "exampleCanonical": "http://fhir.health.gov.il/StructureDefinition/il-core-patient"
      },
      {
        "reference": {
          "reference": "Patient/patient-with-passport-identification-unknown-country"
        },
        "name": "patient-with-passport-identification-unknown-country",
        "exampleCanonical": "http://fhir.health.gov.il/StructureDefinition/il-core-patient"
      },
      {
        "reference": {
          "reference": "Patient/patient-with-two-addresses"
        },
        "name": "patient-with-two-addresses",
        "exampleCanonical": "http://fhir.health.gov.il/StructureDefinition/il-core-patient"
      },
      {
        "reference": {
          "reference": "NamingSystem/pna-national-id"
        },
        "name": "pna-national-id",
        "exampleBoolean": false
      },
      {
        "reference": {
          "reference": "NamingSystem/practitioner-expertise"
        },
        "name": "practitioner-expertise",
        "exampleBoolean": false
      },
      {
        "reference": {
          "reference": "NamingSystem/practitioner-instructor"
        },
        "name": "practitioner-instructor",
        "exampleBoolean": false
      },
      {
        "reference": {
          "reference": "NamingSystem/practitioner-license"
        },
        "name": "practitioner-license",
        "exampleBoolean": false
      },
      {
        "reference": {
          "reference": "Practitioner/practitioner-md"
        },
        "name": "practitioner-md",
        "exampleCanonical": "http://fhir.health.gov.il/StructureDefinition/il-core-practitioner"
      },
      {
        "reference": {
          "reference": "Practitioner/practitioner-nurse"
        },
        "name": "practitioner-nurse",
        "exampleCanonical": "http://fhir.health.gov.il/StructureDefinition/il-core-practitioner"
      },
      {
        "reference": {
          "reference": "Practitioner/practitioner-nurse-no-expertise-with-advanced-courses"
        },
        "name": "practitioner-nurse-no-expertise-with-advanced-courses",
        "exampleCanonical": "http://fhir.health.gov.il/StructureDefinition/il-core-practitioner"
      },
      {
        "reference": {
          "reference": "Practitioner/practitioner-nurse-with-expertise-and-advanced-courses"
        },
        "name": "practitioner-nurse-with-expertise-and-advanced-courses",
        "exampleCanonical": "http://fhir.health.gov.il/StructureDefinition/il-core-practitioner"
      },
      {
        "reference": {
          "reference": "Practitioner/practitioner-psychologist"
        },
        "name": "practitioner-psychologist",
        "exampleCanonical": "http://fhir.health.gov.il/StructureDefinition/il-core-practitioner"
      },
      {
        "reference": {
          "reference": "PractitionerRole/practitionerRole-gp"
        },
        "name": "practitionerRole-gp",
        "exampleCanonical": "http://fhir.health.gov.il/StructureDefinition/il-core-practitioner-role"
      },
      {
        "reference": {
          "reference": "Procedure/procedure-bloodwork-before-partial-parotidectomy"
        },
        "name": "procedure-bloodwork-before-partial-parotidectomy",
        "exampleCanonical": "http://fhir.health.gov.il/StructureDefinition/il-core-procedure"
      },
      {
        "reference": {
          "reference": "NamingSystem/social-worker"
        },
        "name": "social-worker",
        "exampleBoolean": false
      }
    ],
    "page": {
      "nameUrl": "toc.html",
      "title": "Table of Contents",
      "generation": "html",
      "page": []
    },
    "parameter": [
      {
        "code": "copyrightyear",
        "value": "2020+"
      },
      {
        "code": "releaselabel",
        "value": "ci-build"
      },
      {
        "code": "apply-publisher",
        "value": "true"
      },
      {
        "code": "apply-contact",
        "value": "true"
      },
      {
        "code": "show-inherited-invariants",
        "value": "false"
      },
      {
        "code": "special-url",
        "value": "http://fhir.health.gov.il/cs/city-symbol"
      },
      {
        "code": "special-url",
        "value": "http://fhir.health.gov.il/cs/hebrew-date-day"
      },
      {
        "code": "special-url",
        "value": "http://fhir.health.gov.il/cs/hebrew-date-month"
      },
      {
        "code": "special-url",
        "value": "http://hl7.org/fhir/sid/icd-9-cm"
      },
      {
        "code": "special-url",
        "value": "http://fhir.health.gov.il/cs/icd9il"
      },
      {
        "code": "special-url",
        "value": "http://fhir.health.gov.il/cs/icd9il-code-types"
      },
      {
        "code": "special-url",
        "value": "http://fhir.health.gov.il/cs/institution-type-moh"
      },
      {
        "code": "special-url",
        "value": "http://fhir.health.gov.il/cs/medical-service-moh"
      },
      {
        "code": "special-url",
        "value": "http://qualification.health.gov.il"
      },
      {
        "code": "special-url",
        "value": "http://israeldrugs.health.gov.il"
      },
      {
        "code": "special-url",
        "value": "http://fhir.health.gov.il/cs/paying-entity-moh"
      },
      {
        "code": "special-url",
        "value": "http://fhir.health.gov.il/cs/passport-uri"
      },
      {
        "code": "special-url",
        "value": "http://fhir.health.gov.il/cs/practitioner-profession-moh"
      },
      {
        "code": "special-url",
        "value": "http://fhir.health.gov.il/cs/practitioner-profession-molsa"
      },
      {
        "code": "special-url",
        "value": "http://fhir.health.gov.il/cs/practitioner-expertise-moh"
      },
      {
        "code": "special-url",
        "value": "http://fhir.health.gov.il/cs/practitioner-education-moh"
      },
      {
        "code": "special-url",
        "value": "http://fhir.health.gov.il/cs/practitioner-advanced-course-moh"
      },
      {
        "code": "special-url",
        "value": "http://fhir.health.gov.il/cs/practitioner-education-type-moh"
      },
      {
        "code": "special-url",
        "value": "http://yarpa.co.il/catalog"
      }
    ]
  }
}
