{
  "resourceType": "Location",
  "id": "location-hospital-unit",
  "meta": {
    "profile": [
      "http://fhir.health.gov.il/StructureDefinition/il-core-location"
    ]
  },
  "address": {
    "extension": [
      {
        "url": "http://fhir.health.gov.il/StructureDefinition/ext-statistical-area",
        "valueIdentifier": {
          "system": "http://fhir.health.gov.il/identifier/cbs-statistical-area",
          "value": "4000416"
        }
      }
    ],
    "use": "work",
    "type": "physical",
    "text": "העליה השנייה 8 חיפה",
    "line": [
      "העליה השנייה 8"
    ],
    "_line": [
      {
        "extension": [
          {
            "url": "http://hl7.org/fhir/StructureDefinition/iso21090-ADXP-streetName",
            "valueString": "העליה השנייה"
          },
          {
            "url": "http://hl7.org/fhir/StructureDefinition/iso21090-ADXP-houseNumber",
            "valueString": "8"
          }
        ]
      }
    ],
    "city": "חיפה",
    "_city": {
      "extension": [
        {
          "url": "http://fhir.health.gov.il/StructureDefinition/ext-city-code",
          "valueCodeableConcept": {
            "coding": [
              {
                "code": "4000",
                "system": "http://fhir.health.gov.il/cs/city-symbol"
              }
            ]
          }
        }
      ]
    },
    "postalCode": "3109601",
    "country": "IL"
  },
  "identifier": [
    {
      "system": "http://rambam.co.il/department",
      "value": "010011"
    }
  ],
  "status": "active",
  "name": "פנימית א' בית חולים רמב\"ם",
  "type": [
    {
      "coding": [
        {
          "system": "http://terminology.hl7.org/CodeSystem/v3-RoleCode",
          "code": "HU"
        }
      ]
    }
  ],
  "telecom": [
    {
      "system": "phone",
      "value": "04-7772518",
      "use": "work"
    }
  ],
  "hoursOfOperation": [
    {
      "allDay": true
    }
  ],
  "managingOrganization": {
    "reference": "Organization/organization-ministry-of-health"
  },
  "position": {
    "longitude": 32.232325,
    "latitude": 34.253251
  }
}
