{
  "resourceType": "NamingSystem",
  "id": "practitioner-instructor",
  "name": "Israeli Ministry of Health instructor accreditation",
  "status": "active",
  "kind": "identifier",
  "date": "2022-12-08",
  "publisher": "Israeli Ministry of Health",
  "responsible": "Israeli MoH",
  "type": {
    "coding": [
      {
        "code": "AC",
        "system": "http://terminology.hl7.org/CodeSystem/v2-0203",
        "display": "Accreditation/Certification Identifier"
      }
    ],
    "text": "Practitioner-instructor expertise accreditation number"
  },
  "description": "Identifies practitioner instructor according to Israeli MoH",
  "jurisdiction": [
    {
      "coding": [
        {
          "code": "IL",
          "system": "urn:iso:std:iso:3166"
        }
      ]
    }
  ],
  "usage": "SHOULD include a sequence number. I.e, \\<expertise-certificate-number\\>",
  "uniqueId": [
    {
      "type": "uri",
      "value": "http://fhir.health.gov.il/identifier/practitioner-expertise",
      "preferred": true
    }
  ]
}
