{
  "resourceType": "Observation",
  "id": "observation-not-performed",
  "meta": {
    "profile": [
      "http://fhir.health.gov.il/StructureDefinition/il-core-observation"
    ]
  },
  "code": {
    "coding": [
      {
        "code": "1-8",
        "system": "http://loinc.org",
        "display": "Acyclovir [Susceptibility]"
      }
    ]
  },
  "status": "unknown",
  "dataAbsentReason": {
    "coding": [
      {
        "code": "not-preformed-medical-reason",
        "system": "http://fhir.health.gov.il/cs/il-core-not-performed-reason",
        "display": "not preformed medical reason"
      },
      {
        "code": "not-preformed",
        "system": "http://terminology.hl7.org/CodeSystem/data-absent-reason",
        "display": "Not Performed"
      }
    ]
  }
}
