{
  "resourceType": "Patient",
  "id": "patient-israeli-redacted",
  "meta": {
    "tag": [
      {
        "code": "REDACTED",
        "system": "http://terminology.hl7.org/CodeSystem/v3-ObservationValue",
        "display": "redacted"
      }
    ],
    "profile": [
      "http://fhir.health.gov.il/StructureDefinition/il-core-patient"
    ]
  },
  "extension": [
    {
      "url": "http://fhir.health.gov.il/StructureDefinition/ext-il-hmo",
      "valueCodeableConcept": {
        "coding": [
          {
            "code": "104",
            "system": "http://fhir.health.gov.il/cs/paying-entity-moh",
            "display": "קופת חולים מאוחדת"
          }
        ],
        "text": "קופת חולים מאוחדת"
      }
    }
  ],
  "name": [
    {
      "extension": [
        {
          "url": "http://hl7.org/fhir/StructureDefinition/data-absent-reason",
          "valueCode": "masked"
        }
      ]
    }
  ],
  "text": {
    "div": "<div xmlns=\"http://www.w3.org/1999/xhtml\">Patient with missing</div>",
    "status": "generated"
  },
  "identifier": [
    {
      "system": "http://fhir.health.gov.il/identifier/il-national-id",
      "value": "000000018"
    }
  ],
  "active": true,
  "gender": "unknown",
  "_gender": {
    "extension": [
      {
        "url": "http://hl7.org/fhir/StructureDefinition/data-absent-reason",
        "valueCode": "masked"
      }
    ]
  },
  "deceasedBoolean": false,
  "_birthDate": {
    "extension": [
      {
        "url": "http://hl7.org/fhir/StructureDefinition/data-absent-reason",
        "valueCode": "masked"
      }
    ]
  }
}
