{
  "resourceType": "Procedure",
  "id": "procedure-bloodwork-before-partial-parotidectomy",
  "meta": {
    "profile": [
      "http://fhir.health.gov.il/StructureDefinition/il-core-procedure"
    ]
  },
  "text": {
    "div": "<div xmlns=\"http://www.w3.org/1999/xhtml\">Bloodwork 24H before Partial Parotidectomy</div>",
    "status": "generated"
  },
  "status": "completed",
  "code": {
    "coding": [
      {
        "system": "http://snomed.info/sct",
        "code": "396550006",
        "display": "Blood test (procedure)"
      }
    ]
  },
  "performedDateTime": "2020-02-07",
  "_performedDateTime": {
    "extension": [
      {
        "url": "http://hl7.org/fhir/StructureDefinition/relative-date",
        "extension": [
          {
            "url": "event",
            "valueReference": {
              "reference": "Procedure/partial-parotidectomy"
            }
          },
          {
            "url": "relationship",
            "valueCode": "before-start"
          },
          {
            "url": "offset",
            "valueDuration": {
              "value": 24,
              "code": "h",
              "system": "http://unitsofmeasure.org",
              "unit": "hour"
            }
          }
        ]
      }
    ]
  },
  "subject": {
    "reference": "Patient/patient-with-israeli-id"
  }
}
