{
  "resourceType": "StructureDefinition",
  "id": "il-core-procedure",
  "extension": [
    {
      "url": "http://hl7.org/fhir/StructureDefinition/structuredefinition-category",
      "valueString": "Clinical.Summary"
    },
    {
      "url": "http://hl7.org/fhir/StructureDefinition/structuredefinition-security-category",
      "valueCode": "patient"
    }
  ],
  "url": "http://fhir.health.gov.il/StructureDefinition/il-core-procedure",
  "version": "0.10.1",
  "name": "ILCoreProcedure",
  "title": "ILCore Procedure Profile",
  "status": "draft",
  "date": "2021-05-02",
  "publisher": "Israeli Ministry of Health",
  "description": "Israel Core proposed constraints and extensions on the Procedure Resource",
  "fhirVersion": "4.0.1",
  "mapping": [
    {
      "identity": "workflow",
      "uri": "http://hl7.org/fhir/workflow",
      "name": "Workflow Pattern"
    },
    {
      "identity": "rim",
      "uri": "http://hl7.org/v3",
      "name": "RIM Mapping"
    },
    {
      "identity": "w5",
      "uri": "http://hl7.org/fhir/fivews",
      "name": "FiveWs Pattern Mapping"
    },
    {
      "identity": "v2",
      "uri": "http://hl7.org/v2",
      "name": "HL7 v2 Mapping"
    }
  ],
  "kind": "resource",
  "abstract": false,
  "type": "Procedure",
  "baseDefinition": "http://hl7.org/fhir/StructureDefinition/Procedure",
  "derivation": "constraint",
  "differential": {
    "element": [
      {
        "id": "Procedure",
        "path": "Procedure",
        "short": "ILCore Procedure Profile",
        "definition": "Definitions for the profile-Procedure resource profile."
      },
      {
        "id": "Procedure.basedOn",
        "path": "Procedure.basedOn",
        "type": [
          {
            "code": "Reference",
            "targetProfile": [
              "http://hl7.org/fhir/StructureDefinition/CarePlan",
              "http://fhir.health.gov.il/StructureDefinition/il-core-service-request"
            ]
          }
        ]
      },
      {
        "id": "Procedure.partOf",
        "path": "Procedure.partOf",
        "type": [
          {
            "code": "Reference",
            "targetProfile": [
              "http://fhir.health.gov.il/StructureDefinition/il-core-procedure",
              "http://fhir.health.gov.il/StructureDefinition/il-core-observation",
              "http://hl7.org/fhir/StructureDefinition/MedicationAdministration"
            ]
          }
        ]
      },
      {
        "id": "Procedure.status",
        "path": "Procedure.status",
        "mustSupport": true
      },
      {
        "id": "Procedure.code",
        "path": "Procedure.code",
        "min": 1,
        "example": [
          {
            "valueCodeableConcept": {
              "coding": [
                {
                  "code": "71388002",
                  "system": "http://snomed.info/sct",
                  "display": "Procedure (procedure)"
                }
              ]
            },
            "label": "Valid Example"
          }
        ],
        "constraint": [
          {
            "key": "il-procedure-sct",
            "severity": "warning",
            "human": "Procedure.code.coding SHOULD contain a SNOMED-CT code. Other code systems included in the ValueSet are for historical purposes only",
            "expression": "code.coding.where(system='http://snomed.info/sct' and code.exists()).exists()",
            "source": "http://fhir.health.gov.il/StructureDefinition/il-core-procedure"
          }
        ],
        "mustSupport": true,
        "binding": {
          "strength": "extensible",
          "valueSet": "http://fhir.health.gov.il/ValueSet/il-core-procedure-code"
        }
      },
      {
        "id": "Procedure.subject",
        "path": "Procedure.subject",
        "type": [
          {
            "code": "Reference",
            "targetProfile": [
              "http://fhir.health.gov.il/StructureDefinition/il-core-patient",
              "http://fhir.health.gov.il/StructureDefinition/il-core-group"
            ]
          }
        ],
        "mustSupport": true
      },
      {
        "id": "Procedure.encounter",
        "path": "Procedure.encounter",
        "type": [
          {
            "code": "Reference",
            "targetProfile": [
              "http://fhir.health.gov.il/StructureDefinition/il-core-encounter"
            ]
          }
        ]
      },
      {
        "id": "Procedure.performed[x]",
        "path": "Procedure.performed[x]",
        "slicing": {
          "discriminator": [
            {
              "type": "type",
              "path": "$this"
            }
          ],
          "ordered": false,
          "rules": "open"
        },
        "min": 1,
        "mustSupport": true
      },
      {
        "id": "Procedure.performedDateTime",
        "path": "Procedure.performedDateTime",
        "min": 0,
        "max": "1",
        "type": [
          {
            "code": "dateTime"
          }
        ],
        "mustSupport": true
      },
      {
        "id": "Procedure.performedDateTime.extension",
        "path": "Procedure.performedDateTime.extension",
        "slicing": {
          "discriminator": [
            {
              "type": "value",
              "path": "url"
            }
          ],
          "ordered": false,
          "rules": "open"
        }
      },
      {
        "id": "Procedure.performedDateTime.extension:relative-date",
        "path": "Procedure.performedDateTime.extension",
        "sliceName": "relative-date",
        "short": "Extension: Relative Date Criteria",
        "definition": "Specifies that a date is relative to some event. The event happens [Duration] after [Event].",
        "min": 0,
        "max": "1",
        "type": [
          {
            "code": "Extension",
            "profile": [
              "http://hl7.org/fhir/StructureDefinition/relative-date"
            ]
          }
        ]
      },
      {
        "id": "Procedure.recorder",
        "path": "Procedure.recorder",
        "type": [
          {
            "code": "Reference",
            "targetProfile": [
              "http://fhir.health.gov.il/StructureDefinition/il-core-patient",
              "http://fhir.health.gov.il/StructureDefinition/il-core-related-person",
              "http://fhir.health.gov.il/StructureDefinition/il-core-practitioner",
              "http://fhir.health.gov.il/StructureDefinition/il-core-practitioner-role"
            ]
          }
        ]
      },
      {
        "id": "Procedure.asserter",
        "path": "Procedure.asserter",
        "type": [
          {
            "code": "Reference",
            "targetProfile": [
              "http://fhir.health.gov.il/StructureDefinition/il-core-patient",
              "http://fhir.health.gov.il/StructureDefinition/il-core-related-person",
              "http://fhir.health.gov.il/StructureDefinition/il-core-practitioner",
              "http://fhir.health.gov.il/StructureDefinition/il-core-practitioner-role"
            ]
          }
        ]
      },
      {
        "id": "Procedure.performer.actor",
        "path": "Procedure.performer.actor",
        "type": [
          {
            "code": "Reference",
            "targetProfile": [
              "http://fhir.health.gov.il/StructureDefinition/il-core-practitioner",
              "http://fhir.health.gov.il/StructureDefinition/il-core-practitioner-role",
              "http://fhir.health.gov.il/StructureDefinition/il-core-organization",
              "http://fhir.health.gov.il/StructureDefinition/il-core-patient",
              "http://fhir.health.gov.il/StructureDefinition/il-core-related-person",
              "http://fhir.health.gov.il/StructureDefinition/il-core-device"
            ]
          }
        ]
      },
      {
        "id": "Procedure.performer.onBehalfOf",
        "path": "Procedure.performer.onBehalfOf",
        "type": [
          {
            "code": "Reference",
            "targetProfile": [
              "http://fhir.health.gov.il/StructureDefinition/il-core-organization"
            ]
          }
        ]
      },
      {
        "id": "Procedure.location",
        "path": "Procedure.location",
        "type": [
          {
            "code": "Reference",
            "targetProfile": [
              "http://fhir.health.gov.il/StructureDefinition/il-core-location"
            ]
          }
        ]
      },
      {
        "id": "Procedure.reasonCode",
        "path": "Procedure.reasonCode",
        "binding": {
          "strength": "required",
          "valueSet": "http://fhir.health.gov.il/ValueSet/il-core-procedure-reason"
        }
      },
      {
        "id": "Procedure.reasonReference",
        "path": "Procedure.reasonReference",
        "type": [
          {
            "code": "Reference",
            "targetProfile": [
              "http://fhir.health.gov.il/StructureDefinition/il-core-condition",
              "http://fhir.health.gov.il/StructureDefinition/il-core-observation",
              "http://fhir.health.gov.il/StructureDefinition/il-core-procedure",
              "http://fhir.health.gov.il/StructureDefinition/il-core-diagnostic-report",
              "http://hl7.org/fhir/StructureDefinition/DocumentReference"
            ]
          }
        ]
      },
      {
        "id": "Procedure.bodySite",
        "path": "Procedure.bodySite",
        "example": [
          {
            "valueCodeableConcept": {
              "coding": [
                {
                  "code": "344001",
                  "system": "http://snomed.info/sct",
                  "display": "Ankle"
                }
              ]
            },
            "label": "Valid Example"
          }
        ],
        "binding": {
          "strength": "extensible",
          "valueSet": "http://hl7.org/fhir/ValueSet/body-site"
        }
      },
      {
        "id": "Procedure.report",
        "path": "Procedure.report",
        "type": [
          {
            "code": "Reference",
            "targetProfile": [
              "http://fhir.health.gov.il/StructureDefinition/il-core-diagnostic-report",
              "http://hl7.org/fhir/StructureDefinition/DocumentReference",
              "http://hl7.org/fhir/StructureDefinition/Composition"
            ]
          }
        ]
      },
      {
        "id": "Procedure.complication",
        "path": "Procedure.complication",
        "example": [
          {
            "valueCodeableConcept": {
              "coding": [
                {
                  "code": "131148009",
                  "system": "http://snomed.info/sct",
                  "display": "Bleeding (finding)"
                }
              ]
            },
            "label": "Valid Example"
          }
        ],
        "binding": {
          "strength": "extensible",
          "valueSet": "http://fhir.health.gov.il/ValueSet/il-core-condition-code"
        }
      },
      {
        "id": "Procedure.complicationDetail",
        "path": "Procedure.complicationDetail",
        "type": [
          {
            "code": "Reference",
            "targetProfile": [
              "http://fhir.health.gov.il/StructureDefinition/il-core-condition"
            ]
          }
        ]
      },
      {
        "id": "Procedure.focalDevice.manipulated",
        "path": "Procedure.focalDevice.manipulated",
        "type": [
          {
            "code": "Reference",
            "targetProfile": [
              "http://fhir.health.gov.il/StructureDefinition/il-core-device"
            ]
          }
        ]
      },
      {
        "id": "Procedure.usedReference",
        "path": "Procedure.usedReference",
        "type": [
          {
            "code": "Reference",
            "targetProfile": [
              "http://fhir.health.gov.il/StructureDefinition/il-core-device",
              "http://fhir.health.gov.il/StructureDefinition/il-core-medication",
              "http://hl7.org/fhir/StructureDefinition/Substance"
            ]
          }
        ]
      }
    ]
  }
}
