{
  "resourceType": "StructureDefinition",
  "id": "il-core-immunization-reaction-observation",
  "extension": [
    {
      "url": "http://hl7.org/fhir/StructureDefinition/structuredefinition-category",
      "valueString": "Clinical.Diagnostics"
    },
    {
      "url": "http://hl7.org/fhir/StructureDefinition/structuredefinition-security-category",
      "valueCode": "patient"
    }
  ],
  "url": "http://fhir.health.gov.il/StructureDefinition/il-core-immunization-reaction-observation",
  "version": "0.10.1",
  "name": "ILCoreImmunizationReactionObservation",
  "title": "ILCore ImmunizationReactionObservation Profile",
  "status": "draft",
  "date": "2022-05-16",
  "publisher": "Israeli Ministry of Health",
  "description": "Israel Core proposed constraints and extensions on the ImmunizationReactionObservation Resource",
  "fhirVersion": "4.0.1",
  "mapping": [
    {
      "identity": "workflow",
      "uri": "http://hl7.org/fhir/workflow",
      "name": "Workflow Pattern"
    },
    {
      "identity": "sct-concept",
      "uri": "http://snomed.info/conceptdomain",
      "name": "SNOMED CT Concept Domain Binding"
    },
    {
      "identity": "v2",
      "uri": "http://hl7.org/v2",
      "name": "HL7 v2 Mapping"
    },
    {
      "identity": "rim",
      "uri": "http://hl7.org/v3",
      "name": "RIM Mapping"
    },
    {
      "identity": "w5",
      "uri": "http://hl7.org/fhir/fivews",
      "name": "FiveWs Pattern Mapping"
    },
    {
      "identity": "sct-attr",
      "uri": "http://snomed.org/attributebinding",
      "name": "SNOMED CT Attribute Binding"
    }
  ],
  "kind": "resource",
  "abstract": false,
  "type": "Observation",
  "baseDefinition": "http://hl7.org/fhir/StructureDefinition/Observation",
  "derivation": "constraint",
  "differential": {
    "element": [
      {
        "id": "Observation",
        "path": "Observation",
        "short": "ILCore ImmunizationReactionObservation Profile",
        "definition": "Definitions for the profile-ImmunizationReactionObservation resource profile."
      },
      {
        "id": "Observation.partOf",
        "path": "Observation.partOf",
        "type": [
          {
            "code": "Reference",
            "targetProfile": [
              "http://fhir.health.gov.il/StructureDefinition/il-core-immunization"
            ]
          }
        ]
      },
      {
        "id": "Observation.code.coding",
        "path": "Observation.code.coding",
        "min": 1,
        "max": "1"
      },
      {
        "id": "Observation.code.coding.system",
        "path": "Observation.code.coding.system",
        "min": 1,
        "fixedUri": "http://loinc.org"
      },
      {
        "id": "Observation.code.coding.code",
        "path": "Observation.code.coding.code",
        "min": 1,
        "fixedCode": "LL3209-5"
      },
      {
        "id": "Observation.subject",
        "path": "Observation.subject",
        "min": 1,
        "type": [
          {
            "code": "Reference",
            "targetProfile": [
              "http://fhir.health.gov.il/StructureDefinition/il-core-patient"
            ]
          }
        ]
      },
      {
        "id": "Observation.value[x]",
        "path": "Observation.value[x]",
        "slicing": {
          "discriminator": [
            {
              "type": "type",
              "path": "$this"
            }
          ],
          "ordered": false,
          "rules": "open"
        },
        "min": 1,
        "type": [
          {
            "code": "CodeableConcept"
          }
        ]
      },
      {
        "id": "Observation.valueCodeableConcept",
        "path": "Observation.valueCodeableConcept",
        "min": 1,
        "max": "1",
        "binding": {
          "strength": "extensible",
          "valueSet": "http://fhir.health.gov.il/ValueSet/immunization-side-effect"
        }
      },
      {
        "id": "Observation.bodySite",
        "path": "Observation.bodySite",
        "binding": {
          "strength": "preferred",
          "valueSet": "http://hl7.org/fhir/ValueSet/body-site"
        }
      }
    ]
  }
}
