{
  "resourceType": "StructureDefinition",
  "id": "ext-il-hmo",
  "url": "http://fhir.health.gov.il/StructureDefinition/ext-il-hmo",
  "version": "0.10.1",
  "name": "IsraelHMO",
  "title": "Israel Health Management Organization (קופת חולים)",
  "status": "draft",
  "description": "Extension: Israel Health Management Organizations (קופות חולים)",
  "fhirVersion": "4.0.1",
  "mapping": [
    {
      "identity": "rim",
      "uri": "http://hl7.org/v3",
      "name": "RIM Mapping"
    }
  ],
  "kind": "complex-type",
  "abstract": false,
  "context": [
    {
      "type": "element",
      "expression": "Patient"
    }
  ],
  "type": "Extension",
  "baseDefinition": "http://hl7.org/fhir/StructureDefinition/Extension",
  "derivation": "constraint",
  "differential": {
    "element": [
      {
        "id": "Extension",
        "path": "Extension",
        "short": "Israel Health Management Organization (קופת חולים)",
        "definition": "Extension: Israel Health Management Organizations (קופות חולים)"
      },
      {
        "id": "Extension.extension",
        "path": "Extension.extension",
        "max": "0"
      },
      {
        "id": "Extension.url",
        "path": "Extension.url",
        "fixedUri": "http://fhir.health.gov.il/StructureDefinition/ext-il-hmo"
      },
      {
        "id": "Extension.value[x]",
        "path": "Extension.value[x]",
        "slicing": {
          "discriminator": [
            {
              "type": "type",
              "path": "$this"
            }
          ],
          "ordered": false,
          "rules": "open"
        },
        "type": [
          {
            "code": "CodeableConcept"
          }
        ]
      },
      {
        "id": "Extension.valueCodeableConcept",
        "path": "Extension.valueCodeableConcept",
        "min": 0,
        "max": "1",
        "example": [
          {
            "valueCodeableConcept": {
              "coding": [
                {
                  "code": "101",
                  "system": "http://fhir.health.gov.il/cs/paying-entity-moh",
                  "display": "קופת חולים כללית"
                }
              ]
            },
            "label": "Valid Example"
          }
        ],
        "binding": {
          "strength": "required",
          "valueSet": "http://fhir.health.gov.il/ValueSet/israel-hmo"
        }
      }
    ]
  }
}
