{
  "resourceType": "StructureDefinition",
  "id": "il-core-encounter",
  "extension": [
    {
      "url": "http://hl7.org/fhir/StructureDefinition/structuredefinition-category",
      "valueString": "Base.Management"
    },
    {
      "url": "http://hl7.org/fhir/StructureDefinition/structuredefinition-security-category",
      "valueCode": "patient"
    }
  ],
  "url": "http://fhir.health.gov.il/StructureDefinition/il-core-encounter",
  "version": "0.10.1",
  "name": "ILCoreEncounter",
  "title": "ILCore Encounter Profile",
  "status": "draft",
  "date": "2021-05-02",
  "publisher": "Israeli Ministry of Health",
  "description": "Israel Core proposed constraints and extensions on the Encounter Resource",
  "fhirVersion": "4.0.1",
  "mapping": [
    {
      "identity": "workflow",
      "uri": "http://hl7.org/fhir/workflow",
      "name": "Workflow Pattern"
    },
    {
      "identity": "rim",
      "uri": "http://hl7.org/v3",
      "name": "RIM Mapping"
    },
    {
      "identity": "w5",
      "uri": "http://hl7.org/fhir/fivews",
      "name": "FiveWs Pattern Mapping"
    },
    {
      "identity": "v2",
      "uri": "http://hl7.org/v2",
      "name": "HL7 v2 Mapping"
    }
  ],
  "kind": "resource",
  "abstract": false,
  "type": "Encounter",
  "baseDefinition": "http://hl7.org/fhir/StructureDefinition/Encounter",
  "derivation": "constraint",
  "differential": {
    "element": [
      {
        "id": "Encounter",
        "path": "Encounter",
        "short": "ILCore Encounter Profile",
        "definition": "Definitions for the profile-Encounter resource profile."
      },
      {
        "id": "Encounter.subject",
        "path": "Encounter.subject",
        "type": [
          {
            "code": "Reference",
            "targetProfile": [
              "http://fhir.health.gov.il/StructureDefinition/il-core-patient",
              "http://fhir.health.gov.il/StructureDefinition/il-core-group"
            ]
          }
        ]
      },
      {
        "id": "Encounter.basedOn",
        "path": "Encounter.basedOn",
        "type": [
          {
            "code": "Reference",
            "targetProfile": [
              "http://fhir.health.gov.il/StructureDefinition/il-core-service-request"
            ]
          }
        ]
      },
      {
        "id": "Encounter.participant.individual",
        "path": "Encounter.participant.individual",
        "type": [
          {
            "code": "Reference",
            "targetProfile": [
              "http://fhir.health.gov.il/StructureDefinition/il-core-practitioner",
              "http://fhir.health.gov.il/StructureDefinition/il-core-practitioner-role",
              "http://fhir.health.gov.il/StructureDefinition/il-core-related-person"
            ]
          }
        ]
      },
      {
        "id": "Encounter.reasonReference",
        "path": "Encounter.reasonReference",
        "type": [
          {
            "code": "Reference",
            "targetProfile": [
              "http://fhir.health.gov.il/StructureDefinition/il-core-condition",
              "http://fhir.health.gov.il/StructureDefinition/il-core-procedure",
              "http://fhir.health.gov.il/StructureDefinition/il-core-observation",
              "http://hl7.org/fhir/StructureDefinition/ImmunizationRecommendation"
            ]
          }
        ]
      },
      {
        "id": "Encounter.diagnosis.condition",
        "path": "Encounter.diagnosis.condition",
        "type": [
          {
            "code": "Reference",
            "targetProfile": [
              "http://fhir.health.gov.il/StructureDefinition/il-core-condition",
              "http://fhir.health.gov.il/StructureDefinition/il-core-procedure"
            ]
          }
        ]
      },
      {
        "id": "Encounter.hospitalization.origin",
        "path": "Encounter.hospitalization.origin",
        "type": [
          {
            "code": "Reference",
            "targetProfile": [
              "http://fhir.health.gov.il/StructureDefinition/il-core-location",
              "http://fhir.health.gov.il/StructureDefinition/il-core-organization"
            ]
          }
        ]
      },
      {
        "id": "Encounter.hospitalization.destination",
        "path": "Encounter.hospitalization.destination",
        "type": [
          {
            "code": "Reference",
            "targetProfile": [
              "http://fhir.health.gov.il/StructureDefinition/il-core-location",
              "http://fhir.health.gov.il/StructureDefinition/il-core-organization"
            ]
          }
        ]
      },
      {
        "id": "Encounter.location.location",
        "path": "Encounter.location.location",
        "type": [
          {
            "code": "Reference",
            "targetProfile": [
              "http://fhir.health.gov.il/StructureDefinition/il-core-location"
            ]
          }
        ]
      },
      {
        "id": "Encounter.serviceProvider",
        "path": "Encounter.serviceProvider",
        "type": [
          {
            "code": "Reference",
            "targetProfile": [
              "http://fhir.health.gov.il/StructureDefinition/il-core-organization"
            ]
          }
        ]
      },
      {
        "id": "Encounter.partOf",
        "path": "Encounter.partOf",
        "type": [
          {
            "code": "Reference",
            "targetProfile": [
              "http://fhir.health.gov.il/StructureDefinition/il-core-encounter"
            ],
            "extension": [
              {
                "url": "http://hl7.org/fhir/StructureDefinition/structuredefinition-hierarchy",
                "valueBoolean": true
              }
            ]
          }
        ]
      }
    ]
  }
}
