{
  "resourceType": "StructureDefinition",
  "id": "il-core-medication-request",
  "extension": [
    {
      "url": "http://hl7.org/fhir/StructureDefinition/structuredefinition-category",
      "valueString": "Clinical.Medications"
    },
    {
      "url": "http://hl7.org/fhir/StructureDefinition/structuredefinition-security-category",
      "valueCode": "patient"
    }
  ],
  "url": "http://fhir.health.gov.il/StructureDefinition/il-core-medication-request",
  "version": "0.10.1",
  "name": "ILCoreMedicationRequest",
  "title": "ILCore MedicationRequest Profile",
  "status": "draft",
  "date": "2021-05-02",
  "publisher": "Israeli Ministry of Health",
  "description": "Israel Core proposed constraints and extensions on the MedicationRequest  Resource",
  "fhirVersion": "4.0.1",
  "mapping": [
    {
      "identity": "workflow",
      "uri": "http://hl7.org/fhir/workflow",
      "name": "Workflow Pattern"
    },
    {
      "identity": "script10.6",
      "uri": "http://ncpdp.org/SCRIPT10_6",
      "name": "Mapping to NCPDP SCRIPT 10.6"
    },
    {
      "identity": "rim",
      "uri": "http://hl7.org/v3",
      "name": "RIM Mapping"
    },
    {
      "identity": "w5",
      "uri": "http://hl7.org/fhir/fivews",
      "name": "FiveWs Pattern Mapping"
    },
    {
      "identity": "v2",
      "uri": "http://hl7.org/v2",
      "name": "HL7 v2 Mapping"
    }
  ],
  "kind": "resource",
  "abstract": false,
  "type": "MedicationRequest",
  "baseDefinition": "http://hl7.org/fhir/StructureDefinition/MedicationRequest",
  "derivation": "constraint",
  "differential": {
    "element": [
      {
        "id": "MedicationRequest",
        "path": "MedicationRequest",
        "short": "ILCore MedicationRequest  Profile",
        "definition": "Definitions for the profile-MedicationRequest  resource profile."
      },
      {
        "id": "MedicationRequest.medication[x]",
        "path": "MedicationRequest.medication[x]",
        "slicing": {
          "discriminator": [
            {
              "type": "type",
              "path": "$this"
            }
          ],
          "ordered": false,
          "rules": "open"
        },
        "type": [
          {
            "code": "CodeableConcept"
          },
          {
            "code": "Reference",
            "targetProfile": [
              "http://fhir.health.gov.il/StructureDefinition/il-core-medication"
            ]
          }
        ]
      },
      {
        "id": "MedicationRequest.medicationCodeableConcept",
        "path": "MedicationRequest.medicationCodeableConcept",
        "min": 0,
        "max": "1",
        "type": [
          {
            "code": "CodeableConcept"
          }
        ]
      },
      {
        "id": "MedicationRequest.medicationCodeableConcept.coding",
        "path": "MedicationRequest.medicationCodeableConcept.coding",
        "slicing": {
          "discriminator": [
            {
              "type": "value",
              "path": "system"
            }
          ],
          "rules": "open"
        }
      },
      {
        "id": "MedicationRequest.medicationCodeableConcept.coding:snomed",
        "path": "MedicationRequest.medicationCodeableConcept.coding",
        "sliceName": "snomed",
        "min": 0,
        "max": "*"
      },
      {
        "id": "MedicationRequest.medicationCodeableConcept.coding:snomed.system",
        "path": "MedicationRequest.medicationCodeableConcept.coding.system",
        "min": 1,
        "fixedUri": "http://snomed.info/sct"
      },
      {
        "id": "MedicationRequest.medicationCodeableConcept.coding:snomed.code",
        "path": "MedicationRequest.medicationCodeableConcept.coding.code",
        "min": 1,
        "example": [
          {
            "valueCodeableConcept": {
              "coding": [
                {
                  "code": "775161003",
                  "system": "http://snomed.info/sct",
                  "display": "Product containing only chloramphenicol and hydrocortisone (medicinal product)"
                }
              ]
            },
            "label": "Valid Example"
          }
        ],
        "binding": {
          "strength": "required",
          "valueSet": "http://hl7.org/fhir/ValueSet/medication-codes"
        }
      },
      {
        "id": "MedicationRequest.medicationCodeableConcept.coding:yarpa",
        "path": "MedicationRequest.medicationCodeableConcept.coding",
        "sliceName": "yarpa",
        "min": 0,
        "max": "*"
      },
      {
        "id": "MedicationRequest.medicationCodeableConcept.coding:yarpa.system",
        "path": "MedicationRequest.medicationCodeableConcept.coding.system",
        "min": 1,
        "fixedUri": "http://yarpa.co.il/catalog"
      },
      {
        "id": "MedicationRequest.medicationCodeableConcept.coding:yarpa.code",
        "path": "MedicationRequest.medicationCodeableConcept.coding.code",
        "min": 1,
        "example": [
          {
            "valueCodeableConcept": {
              "coding": [
                {
                  "code": "20288",
                  "system": "http://yarpa.co.il/catalog",
                  "display": "AMPHO-MORONAL 10MG 20TAB"
                }
              ]
            },
            "label": "Valid Example"
          }
        ],
        "binding": {
          "strength": "required",
          "valueSet": "http://fhir.health.gov.il/ValueSet/yarpa-medication-code"
        }
      },
      {
        "id": "MedicationRequest.subject",
        "path": "MedicationRequest.subject",
        "type": [
          {
            "code": "Reference",
            "targetProfile": [
              "http://fhir.health.gov.il/StructureDefinition/il-core-patient",
              "http://fhir.health.gov.il/StructureDefinition/il-core-group"
            ]
          }
        ]
      },
      {
        "id": "MedicationRequest.encounter",
        "path": "MedicationRequest.encounter",
        "type": [
          {
            "code": "Reference",
            "targetProfile": [
              "http://fhir.health.gov.il/StructureDefinition/il-core-encounter"
            ]
          }
        ]
      },
      {
        "id": "MedicationRequest.requester",
        "path": "MedicationRequest.requester",
        "type": [
          {
            "code": "Reference",
            "targetProfile": [
              "http://fhir.health.gov.il/StructureDefinition/il-core-patient",
              "http://fhir.health.gov.il/StructureDefinition/il-core-practitioner",
              "http://fhir.health.gov.il/StructureDefinition/il-core-practitioner-role",
              "http://fhir.health.gov.il/StructureDefinition/il-core-related-person",
              "http://fhir.health.gov.il/StructureDefinition/il-core-organization",
              "http://fhir.health.gov.il/StructureDefinition/il-core-device"
            ]
          }
        ]
      },
      {
        "id": "MedicationRequest.performer",
        "path": "MedicationRequest.performer",
        "type": [
          {
            "code": "Reference",
            "targetProfile": [
              "http://fhir.health.gov.il/StructureDefinition/il-core-patient",
              "http://fhir.health.gov.il/StructureDefinition/il-core-practitioner",
              "http://fhir.health.gov.il/StructureDefinition/il-core-practitioner-role",
              "http://fhir.health.gov.il/StructureDefinition/il-core-related-person",
              "http://fhir.health.gov.il/StructureDefinition/il-core-organization",
              "http://fhir.health.gov.il/StructureDefinition/il-core-device",
              "http://hl7.org/fhir/StructureDefinition/CareTeam"
            ]
          }
        ]
      },
      {
        "id": "MedicationRequest.recorder",
        "path": "MedicationRequest.recorder",
        "type": [
          {
            "code": "Reference",
            "targetProfile": [
              "http://fhir.health.gov.il/StructureDefinition/il-core-practitioner",
              "http://fhir.health.gov.il/StructureDefinition/il-core-practitioner-role"
            ]
          }
        ]
      },
      {
        "id": "MedicationRequest.basedOn",
        "path": "MedicationRequest.basedOn",
        "type": [
          {
            "code": "Reference",
            "targetProfile": [
              "http://hl7.org/fhir/StructureDefinition/CarePlan",
              "http://fhir.health.gov.il/StructureDefinition/il-core-medication-request",
              "http://fhir.health.gov.il/StructureDefinition/il-core-service-request",
              "http://hl7.org/fhir/StructureDefinition/ImmunizationRecommendation"
            ]
          }
        ]
      },
      {
        "id": "MedicationRequest.priorPrescription",
        "path": "MedicationRequest.priorPrescription",
        "type": [
          {
            "code": "Reference",
            "targetProfile": [
              "http://fhir.health.gov.il/StructureDefinition/il-core-medication-request"
            ]
          }
        ]
      }
    ]
  }
}
