{
  "resourceType": "StructureDefinition",
  "id": "il-core-coverage-eligibility-request",
  "extension": [
    {
      "url": "http://hl7.org/fhir/StructureDefinition/structuredefinition-category",
      "valueString": "Financial.Support"
    },
    {
      "url": "http://hl7.org/fhir/StructureDefinition/structuredefinition-security-category",
      "valueCode": "patient"
    }
  ],
  "url": "http://fhir.health.gov.il/StructureDefinition/il-core-coverage-eligibility-request",
  "version": "0.10.1",
  "name": "ILCoreCoverageEligibilityRequest",
  "title": "ILCore CoverageEligibilityRequest Profile",
  "status": "draft",
  "date": "2021-05-02",
  "publisher": "Israeli Ministry of Health",
  "description": "Israel Core proposed constraints and extensions on the CoverageEligibilityRequest Resource",
  "fhirVersion": "4.0.1",
  "mapping": [
    {
      "identity": "workflow",
      "uri": "http://hl7.org/fhir/workflow",
      "name": "Workflow Pattern"
    },
    {
      "identity": "w5",
      "uri": "http://hl7.org/fhir/fivews",
      "name": "FiveWs Pattern Mapping"
    },
    {
      "identity": "v2",
      "uri": "http://hl7.org/v2",
      "name": "HL7 v2 Mapping"
    },
    {
      "identity": "rim",
      "uri": "http://hl7.org/v3",
      "name": "RIM Mapping"
    }
  ],
  "kind": "resource",
  "abstract": false,
  "type": "CoverageEligibilityRequest",
  "baseDefinition": "http://hl7.org/fhir/StructureDefinition/CoverageEligibilityRequest",
  "derivation": "constraint",
  "differential": {
    "element": [
      {
        "id": "CoverageEligibilityRequest",
        "path": "CoverageEligibilityRequest",
        "short": "ILCore CoverageEligibilityRequest Profile",
        "definition": "Definitions for the profile-CoverageEligibilityRequest resource profile."
      },
      {
        "id": "CoverageEligibilityRequest.patient",
        "path": "CoverageEligibilityRequest.patient",
        "type": [
          {
            "code": "Reference",
            "targetProfile": [
              "http://fhir.health.gov.il/StructureDefinition/il-core-patient"
            ]
          }
        ]
      },
      {
        "id": "CoverageEligibilityRequest.enterer",
        "path": "CoverageEligibilityRequest.enterer",
        "type": [
          {
            "code": "Reference",
            "targetProfile": [
              "http://fhir.health.gov.il/StructureDefinition/il-core-practitioner",
              "http://fhir.health.gov.il/StructureDefinition/il-core-practitioner-role"
            ]
          }
        ]
      },
      {
        "id": "CoverageEligibilityRequest.provider",
        "path": "CoverageEligibilityRequest.provider",
        "type": [
          {
            "code": "Reference",
            "targetProfile": [
              "http://fhir.health.gov.il/StructureDefinition/il-core-practitioner",
              "http://fhir.health.gov.il/StructureDefinition/il-core-practitioner-role",
              "http://fhir.health.gov.il/StructureDefinition/il-core-organization"
            ]
          }
        ]
      },
      {
        "id": "CoverageEligibilityRequest.insurer",
        "path": "CoverageEligibilityRequest.insurer",
        "type": [
          {
            "code": "Reference",
            "targetProfile": [
              "http://fhir.health.gov.il/StructureDefinition/il-core-organization"
            ]
          }
        ]
      },
      {
        "id": "CoverageEligibilityRequest.facility",
        "path": "CoverageEligibilityRequest.facility",
        "type": [
          {
            "code": "Reference",
            "targetProfile": [
              "http://fhir.health.gov.il/StructureDefinition/il-core-location"
            ]
          }
        ]
      },
      {
        "id": "CoverageEligibilityRequest.item.provider",
        "path": "CoverageEligibilityRequest.item.provider",
        "type": [
          {
            "code": "Reference",
            "targetProfile": [
              "http://fhir.health.gov.il/StructureDefinition/il-core-practitioner",
              "http://fhir.health.gov.il/StructureDefinition/il-core-practitioner-role"
            ]
          }
        ]
      },
      {
        "id": "CoverageEligibilityRequest.item.diagnosis.diagnosisReference",
        "path": "CoverageEligibilityRequest.item.diagnosis.diagnosisReference",
        "min": 0,
        "max": "1",
        "type": [
          {
            "code": "Reference",
            "targetProfile": [
              "http://fhir.health.gov.il/StructureDefinition/il-core-condition"
            ]
          }
        ]
      }
    ]
  }
}
