{
  "resourceType": "StructureDefinition",
  "id": "il-core-practitioner-role",
  "extension": [
    {
      "url": "http://hl7.org/fhir/StructureDefinition/structuredefinition-category",
      "valueString": "Base.Individuals"
    },
    {
      "url": "http://hl7.org/fhir/StructureDefinition/structuredefinition-security-category",
      "valueCode": "individual"
    }
  ],
  "url": "http://fhir.health.gov.il/StructureDefinition/il-core-practitioner-role",
  "version": "0.10.1",
  "name": "ILCorePractitionerRole",
  "title": "ILCore PractitionerRole Profile",
  "status": "draft",
  "date": "2021-03-22",
  "publisher": "Israeli Ministry of Health",
  "description": "Israel Core proposed constraints and extensions on the PractitionerRole Resource",
  "fhirVersion": "4.0.1",
  "mapping": [
    {
      "identity": "v2",
      "uri": "http://hl7.org/v2",
      "name": "HL7 v2 Mapping"
    },
    {
      "identity": "rim",
      "uri": "http://hl7.org/v3",
      "name": "RIM Mapping"
    },
    {
      "identity": "servd",
      "uri": "http://www.omg.org/spec/ServD/1.0/",
      "name": "ServD"
    },
    {
      "identity": "w5",
      "uri": "http://hl7.org/fhir/fivews",
      "name": "FiveWs Pattern Mapping"
    }
  ],
  "kind": "resource",
  "abstract": false,
  "type": "PractitionerRole",
  "baseDefinition": "http://hl7.org/fhir/StructureDefinition/PractitionerRole",
  "derivation": "constraint",
  "differential": {
    "element": [
      {
        "id": "PractitionerRole",
        "path": "PractitionerRole",
        "short": "ILCore PractitionerRole Profile",
        "definition": "Definitions for the profile-practitionerrole resource profile."
      },
      {
        "id": "PractitionerRole.practitioner",
        "path": "PractitionerRole.practitioner",
        "type": [
          {
            "code": "Reference",
            "targetProfile": [
              "http://fhir.health.gov.il/StructureDefinition/il-core-practitioner"
            ]
          }
        ]
      },
      {
        "id": "PractitionerRole.organization",
        "path": "PractitionerRole.organization",
        "type": [
          {
            "code": "Reference",
            "targetProfile": [
              "http://fhir.health.gov.il/StructureDefinition/il-core-organization"
            ]
          }
        ]
      },
      {
        "id": "PractitionerRole.location",
        "path": "PractitionerRole.location",
        "type": [
          {
            "code": "Reference",
            "targetProfile": [
              "http://fhir.health.gov.il/StructureDefinition/il-core-location"
            ]
          }
        ]
      },
      {
        "id": "PractitionerRole.telecom",
        "path": "PractitionerRole.telecom",
        "mustSupport": true
      },
      {
        "id": "PractitionerRole.telecom.system",
        "path": "PractitionerRole.telecom.system",
        "min": 1,
        "mustSupport": true
      },
      {
        "id": "PractitionerRole.telecom.value",
        "path": "PractitionerRole.telecom.value",
        "min": 1,
        "mustSupport": true
      }
    ]
  }
}
