{
  "resourceType": "StructureDefinition",
  "id": "il-core-claim",
  "extension": [
    {
      "url": "http://hl7.org/fhir/StructureDefinition/structuredefinition-category",
      "valueString": "Financial.Billing"
    },
    {
      "url": "http://hl7.org/fhir/StructureDefinition/structuredefinition-security-category",
      "valueCode": "patient"
    }
  ],
  "url": "http://fhir.health.gov.il/StructureDefinition/il-core-claim",
  "version": "0.10.1",
  "name": "ILCoreClaim",
  "title": "ILCore Claim Profile",
  "status": "draft",
  "date": "2021-05-02",
  "publisher": "Israeli Ministry of Health",
  "description": "Israel Core proposed constraints and extensions on the Claim Resource",
  "fhirVersion": "4.0.1",
  "mapping": [
    {
      "identity": "workflow",
      "uri": "http://hl7.org/fhir/workflow",
      "name": "Workflow Pattern"
    },
    {
      "identity": "w5",
      "uri": "http://hl7.org/fhir/fivews",
      "name": "FiveWs Pattern Mapping"
    },
    {
      "identity": "rim",
      "uri": "http://hl7.org/v3",
      "name": "RIM Mapping"
    }
  ],
  "kind": "resource",
  "abstract": false,
  "type": "Claim",
  "baseDefinition": "http://hl7.org/fhir/StructureDefinition/Claim",
  "derivation": "constraint",
  "differential": {
    "element": [
      {
        "id": "Claim",
        "path": "Claim",
        "short": "ILCore Claim Profile",
        "definition": "Definitions for the profile-Claim resource profile."
      },
      {
        "id": "Claim.patient",
        "path": "Claim.patient",
        "type": [
          {
            "code": "Reference",
            "targetProfile": [
              "http://fhir.health.gov.il/StructureDefinition/il-core-patient"
            ]
          }
        ]
      },
      {
        "id": "Claim.enterer",
        "path": "Claim.enterer",
        "type": [
          {
            "code": "Reference",
            "targetProfile": [
              "http://fhir.health.gov.il/StructureDefinition/il-core-practitioner",
              "http://fhir.health.gov.il/StructureDefinition/il-core-practitioner-role"
            ]
          }
        ]
      },
      {
        "id": "Claim.insurer",
        "path": "Claim.insurer",
        "type": [
          {
            "code": "Reference",
            "targetProfile": [
              "http://fhir.health.gov.il/StructureDefinition/il-core-organization"
            ]
          }
        ]
      },
      {
        "id": "Claim.provider",
        "path": "Claim.provider",
        "type": [
          {
            "code": "Reference",
            "targetProfile": [
              "http://fhir.health.gov.il/StructureDefinition/il-core-practitioner",
              "http://fhir.health.gov.il/StructureDefinition/il-core-practitioner-role",
              "http://fhir.health.gov.il/StructureDefinition/il-core-organization"
            ]
          }
        ]
      },
      {
        "id": "Claim.related.claim",
        "path": "Claim.related.claim",
        "type": [
          {
            "code": "Reference",
            "targetProfile": [
              "http://fhir.health.gov.il/StructureDefinition/il-core-claim"
            ]
          }
        ]
      },
      {
        "id": "Claim.prescription",
        "path": "Claim.prescription",
        "type": [
          {
            "code": "Reference",
            "targetProfile": [
              "http://hl7.org/fhir/StructureDefinition/DeviceRequest",
              "http://fhir.health.gov.il/StructureDefinition/il-core-medication-request",
              "http://hl7.org/fhir/StructureDefinition/VisionPrescription"
            ]
          }
        ]
      },
      {
        "id": "Claim.originalPrescription",
        "path": "Claim.originalPrescription",
        "type": [
          {
            "code": "Reference",
            "targetProfile": [
              "http://hl7.org/fhir/StructureDefinition/DeviceRequest",
              "http://fhir.health.gov.il/StructureDefinition/il-core-medication-request",
              "http://hl7.org/fhir/StructureDefinition/VisionPrescription"
            ]
          }
        ]
      },
      {
        "id": "Claim.payee.party",
        "path": "Claim.payee.party",
        "type": [
          {
            "code": "Reference",
            "targetProfile": [
              "http://fhir.health.gov.il/StructureDefinition/il-core-practitioner",
              "http://fhir.health.gov.il/StructureDefinition/il-core-practitioner-role",
              "http://fhir.health.gov.il/StructureDefinition/il-core-organization",
              "http://fhir.health.gov.il/StructureDefinition/il-core-patient",
              "http://fhir.health.gov.il/StructureDefinition/il-core-related-person"
            ]
          }
        ]
      },
      {
        "id": "Claim.referral",
        "path": "Claim.referral",
        "type": [
          {
            "code": "Reference",
            "targetProfile": [
              "http://fhir.health.gov.il/StructureDefinition/il-core-service-request"
            ]
          }
        ]
      },
      {
        "id": "Claim.facility",
        "path": "Claim.facility",
        "type": [
          {
            "code": "Reference",
            "targetProfile": [
              "http://fhir.health.gov.il/StructureDefinition/il-core-location"
            ]
          }
        ]
      },
      {
        "id": "Claim.careTeam.provider",
        "path": "Claim.careTeam.provider",
        "type": [
          {
            "code": "Reference",
            "targetProfile": [
              "http://fhir.health.gov.il/StructureDefinition/il-core-practitioner",
              "http://fhir.health.gov.il/StructureDefinition/il-core-practitioner-role",
              "http://fhir.health.gov.il/StructureDefinition/il-core-organization"
            ]
          }
        ]
      },
      {
        "id": "Claim.diagnosis.diagnosisReference",
        "path": "Claim.diagnosis.diagnosisReference",
        "min": 0,
        "max": "1",
        "type": [
          {
            "code": "Reference",
            "targetProfile": [
              "http://fhir.health.gov.il/StructureDefinition/il-core-condition"
            ]
          }
        ]
      },
      {
        "id": "Claim.procedure.procedureReference",
        "path": "Claim.procedure.procedureReference",
        "min": 0,
        "max": "1",
        "type": [
          {
            "code": "Reference",
            "targetProfile": [
              "http://fhir.health.gov.il/StructureDefinition/il-core-procedure"
            ]
          }
        ]
      },
      {
        "id": "Claim.procedure.udi",
        "path": "Claim.procedure.udi",
        "type": [
          {
            "code": "Reference",
            "targetProfile": [
              "http://fhir.health.gov.il/StructureDefinition/il-core-device"
            ]
          }
        ]
      },
      {
        "id": "Claim.accident.locationReference",
        "path": "Claim.accident.locationReference",
        "min": 0,
        "max": "1",
        "type": [
          {
            "code": "Reference",
            "targetProfile": [
              "http://fhir.health.gov.il/StructureDefinition/il-core-location"
            ]
          }
        ]
      },
      {
        "id": "Claim.item.locationReference",
        "path": "Claim.item.locationReference",
        "min": 0,
        "max": "1",
        "type": [
          {
            "code": "Reference",
            "targetProfile": [
              "http://fhir.health.gov.il/StructureDefinition/il-core-location"
            ]
          }
        ]
      },
      {
        "id": "Claim.item.udi",
        "path": "Claim.item.udi",
        "type": [
          {
            "code": "Reference",
            "targetProfile": [
              "http://fhir.health.gov.il/StructureDefinition/il-core-device"
            ]
          }
        ]
      },
      {
        "id": "Claim.item.encounter",
        "path": "Claim.item.encounter",
        "type": [
          {
            "code": "Reference",
            "targetProfile": [
              "http://fhir.health.gov.il/StructureDefinition/il-core-encounter"
            ]
          }
        ]
      },
      {
        "id": "Claim.item.detail.udi",
        "path": "Claim.item.detail.udi",
        "type": [
          {
            "code": "Reference",
            "targetProfile": [
              "http://fhir.health.gov.il/StructureDefinition/il-core-device"
            ]
          }
        ]
      },
      {
        "id": "Claim.item.detail.subDetail.udi",
        "path": "Claim.item.detail.subDetail.udi",
        "type": [
          {
            "code": "Reference",
            "targetProfile": [
              "http://fhir.health.gov.il/StructureDefinition/il-core-device"
            ]
          }
        ]
      }
    ]
  }
}
