{
  "resourceType": "StructureDefinition",
  "id": "il-core-questionnaire-response",
  "extension": [
    {
      "url": "http://hl7.org/fhir/StructureDefinition/structuredefinition-category",
      "valueString": "Clinical.Diagnostics"
    },
    {
      "url": "http://hl7.org/fhir/StructureDefinition/structuredefinition-security-category",
      "valueCode": "patient"
    }
  ],
  "url": "http://fhir.health.gov.il/StructureDefinition/il-core-questionnaire-response",
  "version": "0.10.1",
  "name": "ILCoreQuestionnaireResponse",
  "title": "ILCore QuestionnaireResponse Profile",
  "status": "draft",
  "date": "2021-05-02",
  "publisher": "Israeli Ministry of Health",
  "description": "Israel Core proposed constraints and extensions on the QuestionnaireResponse Resource",
  "fhirVersion": "4.0.1",
  "mapping": [
    {
      "identity": "workflow",
      "uri": "http://hl7.org/fhir/workflow",
      "name": "Workflow Pattern"
    },
    {
      "identity": "rim",
      "uri": "http://hl7.org/v3",
      "name": "RIM Mapping"
    },
    {
      "identity": "w5",
      "uri": "http://hl7.org/fhir/fivews",
      "name": "FiveWs Pattern Mapping"
    }
  ],
  "kind": "resource",
  "abstract": false,
  "type": "QuestionnaireResponse",
  "baseDefinition": "http://hl7.org/fhir/StructureDefinition/QuestionnaireResponse",
  "derivation": "constraint",
  "differential": {
    "element": [
      {
        "id": "QuestionnaireResponse",
        "path": "QuestionnaireResponse",
        "short": "ILCore QuestionnaireResponse Profile",
        "definition": "Definitions for the profile-QuestionnaireResponse resource profile."
      },
      {
        "id": "QuestionnaireResponse.basedOn",
        "path": "QuestionnaireResponse.basedOn",
        "type": [
          {
            "code": "Reference",
            "targetProfile": [
              "http://hl7.org/fhir/StructureDefinition/CarePlan",
              "http://fhir.health.gov.il/StructureDefinition/il-core-service-request"
            ]
          }
        ]
      },
      {
        "id": "QuestionnaireResponse.partOf",
        "path": "QuestionnaireResponse.partOf",
        "type": [
          {
            "code": "Reference",
            "targetProfile": [
              "http://fhir.health.gov.il/StructureDefinition/il-core-observation",
              "http://fhir.health.gov.il/StructureDefinition/il-core-procedure"
            ]
          }
        ]
      },
      {
        "id": "QuestionnaireResponse.encounter",
        "path": "QuestionnaireResponse.encounter",
        "type": [
          {
            "code": "Reference",
            "targetProfile": [
              "http://fhir.health.gov.il/StructureDefinition/il-core-encounter"
            ]
          }
        ]
      },
      {
        "id": "QuestionnaireResponse.author",
        "path": "QuestionnaireResponse.author",
        "type": [
          {
            "code": "Reference",
            "targetProfile": [
              "http://fhir.health.gov.il/StructureDefinition/il-core-device",
              "http://fhir.health.gov.il/StructureDefinition/il-core-practitioner",
              "http://fhir.health.gov.il/StructureDefinition/il-core-practitioner-role",
              "http://fhir.health.gov.il/StructureDefinition/il-core-patient",
              "http://fhir.health.gov.il/StructureDefinition/il-core-related-person",
              "http://fhir.health.gov.il/StructureDefinition/il-core-organization"
            ]
          }
        ]
      },
      {
        "id": "QuestionnaireResponse.source",
        "path": "QuestionnaireResponse.source",
        "type": [
          {
            "code": "Reference",
            "targetProfile": [
              "http://fhir.health.gov.il/StructureDefinition/il-core-patient",
              "http://fhir.health.gov.il/StructureDefinition/il-core-practitioner",
              "http://fhir.health.gov.il/StructureDefinition/il-core-practitioner-role",
              "http://fhir.health.gov.il/StructureDefinition/il-core-related-person"
            ]
          }
        ]
      }
    ]
  }
}
