{
  "resourceType": "StructureDefinition",
  "id": "il-core-specimen",
  "extension": [
    {
      "url": "http://hl7.org/fhir/StructureDefinition/structuredefinition-category",
      "valueString": "Clinical.Diagnostics"
    },
    {
      "url": "http://hl7.org/fhir/StructureDefinition/structuredefinition-security-category",
      "valueCode": "patient"
    }
  ],
  "url": "http://fhir.health.gov.il/StructureDefinition/il-core-specimen",
  "version": "0.10.1",
  "name": "ILCoreSpecimen",
  "title": "ILCore Specimen Profile",
  "status": "draft",
  "date": "2021-05-02",
  "publisher": "Israeli Ministry of Health",
  "description": "Israel Core proposed constraints and extensions on the Specimen Resource",
  "fhirVersion": "4.0.1",
  "mapping": [
    {
      "identity": "rim",
      "uri": "http://hl7.org/v3",
      "name": "RIM Mapping"
    },
    {
      "identity": "w5",
      "uri": "http://hl7.org/fhir/fivews",
      "name": "FiveWs Pattern Mapping"
    },
    {
      "identity": "v2",
      "uri": "http://hl7.org/v2",
      "name": "HL7 v2 Mapping"
    }
  ],
  "kind": "resource",
  "abstract": false,
  "type": "Specimen",
  "baseDefinition": "http://hl7.org/fhir/StructureDefinition/Specimen",
  "derivation": "constraint",
  "differential": {
    "element": [
      {
        "id": "Specimen",
        "path": "Specimen",
        "short": "ILCore Specimen Profile",
        "definition": "Definitions for the profile-Specimen resource profile."
      },
      {
        "id": "Specimen.subject",
        "path": "Specimen.subject",
        "type": [
          {
            "code": "Reference",
            "targetProfile": [
              "http://fhir.health.gov.il/StructureDefinition/il-core-patient",
              "http://fhir.health.gov.il/StructureDefinition/il-core-group",
              "http://fhir.health.gov.il/StructureDefinition/il-core-device",
              "http://hl7.org/fhir/StructureDefinition/Substance",
              "http://fhir.health.gov.il/StructureDefinition/il-core-location"
            ]
          }
        ]
      },
      {
        "id": "Specimen.parent",
        "path": "Specimen.parent",
        "type": [
          {
            "code": "Reference",
            "targetProfile": [
              "http://fhir.health.gov.il/StructureDefinition/il-core-specimen"
            ]
          }
        ]
      },
      {
        "id": "Specimen.request",
        "path": "Specimen.request",
        "type": [
          {
            "code": "Reference",
            "targetProfile": [
              "http://fhir.health.gov.il/StructureDefinition/il-core-service-request"
            ]
          }
        ]
      },
      {
        "id": "Specimen.collection.collector",
        "path": "Specimen.collection.collector",
        "type": [
          {
            "code": "Reference",
            "targetProfile": [
              "http://fhir.health.gov.il/StructureDefinition/il-core-practitioner",
              "http://fhir.health.gov.il/StructureDefinition/il-core-practitioner-role"
            ]
          }
        ]
      }
    ]
  }
}
