{
  "resourceType": "StructureDefinition",
  "id": "il-core-observation-lab",
  "extension": [
    {
      "url": "http://hl7.org/fhir/StructureDefinition/structuredefinition-category",
      "valueString": "Clinical.Diagnostics"
    },
    {
      "url": "http://hl7.org/fhir/StructureDefinition/structuredefinition-security-category",
      "valueCode": "patient"
    }
  ],
  "url": "http://fhir.health.gov.il/StructureDefinition/il-core-observation",
  "version": "0.10.1",
  "name": "ILCoreObservationLab",
  "title": "ILCore Observation Lab Profile",
  "status": "draft",
  "date": "2021-05-02",
  "publisher": "Israeli Ministry of Health",
  "description": "Israel Core proposed constraints and extensions on the ILCoreObservation Resource for laboratory observations",
  "fhirVersion": "4.0.1",
  "mapping": [
    {
      "identity": "workflow",
      "uri": "http://hl7.org/fhir/workflow",
      "name": "Workflow Pattern"
    },
    {
      "identity": "sct-concept",
      "uri": "http://snomed.info/conceptdomain",
      "name": "SNOMED CT Concept Domain Binding"
    },
    {
      "identity": "v2",
      "uri": "http://hl7.org/v2",
      "name": "HL7 v2 Mapping"
    },
    {
      "identity": "rim",
      "uri": "http://hl7.org/v3",
      "name": "RIM Mapping"
    },
    {
      "identity": "w5",
      "uri": "http://hl7.org/fhir/fivews",
      "name": "FiveWs Pattern Mapping"
    },
    {
      "identity": "sct-attr",
      "uri": "http://snomed.org/attributebinding",
      "name": "SNOMED CT Attribute Binding"
    }
  ],
  "kind": "resource",
  "abstract": false,
  "type": "Observation",
  "baseDefinition": "http://fhir.health.gov.il/StructureDefinition/il-core-observation",
  "derivation": "constraint",
  "differential": {
    "element": [
      {
        "id": "Observation",
        "path": "Observation",
        "short": "ILCore Observation Lab Profile",
        "definition": "Definitions for the profile ILCoreObservationLabcd resource profile."
      },
      {
        "id": "Observation.category",
        "path": "Observation.category",
        "slicing": {
          "discriminator": [
            {
              "type": "value",
              "path": "$this"
            }
          ],
          "rules": "open"
        },
        "min": 1
      },
      {
        "id": "Observation.category:il-core",
        "path": "Observation.category",
        "sliceName": "il-core",
        "min": 1,
        "max": "1"
      },
      {
        "id": "Observation.category:il-core.coding",
        "path": "Observation.category.coding",
        "patternCoding": {
          "code": "108252007",
          "system": "http://snomed.info/sct",
          "display": "Laboratory procedure (procedure)"
        }
      },
      {
        "id": "Observation.code.coding",
        "path": "Observation.code.coding",
        "min": 1,
        "binding": {
          "strength": "required",
          "valueSet": "http://fhir.health.gov.il/ValueSet/il-core-observation-code"
        }
      },
      {
        "id": "Observation.subject",
        "path": "Observation.subject",
        "min": 1
      },
      {
        "id": "Observation.effectiveDateTime",
        "path": "Observation.effectiveDateTime",
        "min": 0,
        "max": "1",
        "type": [
          {
            "code": "dateTime"
          }
        ],
        "mustSupport": true
      },
      {
        "id": "Observation.performer",
        "path": "Observation.performer",
        "min": 1
      },
      {
        "id": "Observation.valueQuantity",
        "path": "Observation.valueQuantity",
        "mustSupport": true
      },
      {
        "id": "Observation.valueCodeableConcept",
        "path": "Observation.valueCodeableConcept",
        "mustSupport": true,
        "binding": {
          "strength": "required",
          "valueSet": "http://fhir.health.gov.il/ValueSet/il-core-observation-value"
        }
      },
      {
        "id": "Observation.valueString",
        "path": "Observation.valueString",
        "min": 0,
        "max": "1",
        "type": [
          {
            "code": "string"
          }
        ],
        "mustSupport": true
      },
      {
        "id": "Observation.dataAbsentReason",
        "path": "Observation.dataAbsentReason",
        "mustSupport": true
      },
      {
        "id": "Observation.specimen",
        "path": "Observation.specimen",
        "mustSupport": true
      },
      {
        "id": "Observation.component.valueCodeableConcept",
        "path": "Observation.component.valueCodeableConcept",
        "binding": {
          "strength": "required",
          "valueSet": "http://fhir.health.gov.il/ValueSet/il-core-observation-value"
        }
      }
    ]
  }
}
