{
  "resourceType": "StructureDefinition",
  "id": "ext-reaction-duration",
  "url": "http://fhir.health.gov.il/StructureDefinition/ext-reaction-duration",
  "version": "0.10.1",
  "name": "ReactionDuration",
  "title": "Reaction Duration",
  "status": "draft",
  "description": "Extension: Reaction Duration",
  "fhirVersion": "4.0.1",
  "mapping": [
    {
      "identity": "rim",
      "uri": "http://hl7.org/v3",
      "name": "RIM Mapping"
    }
  ],
  "kind": "complex-type",
  "abstract": false,
  "context": [
    {
      "type": "element",
      "expression": "AllergyIntolerance.reaction"
    }
  ],
  "type": "Extension",
  "baseDefinition": "http://hl7.org/fhir/StructureDefinition/Extension",
  "derivation": "constraint",
  "differential": {
    "element": [
      {
        "id": "Extension",
        "path": "Extension",
        "short": "Reaction Duration",
        "definition": "Extension: Reaction Duration"
      },
      {
        "id": "Extension.extension",
        "path": "Extension.extension",
        "max": "0"
      },
      {
        "id": "Extension.url",
        "path": "Extension.url",
        "fixedUri": "http://fhir.health.gov.il/StructureDefinition/ext-reaction-duration"
      },
      {
        "id": "Extension.value[x]",
        "path": "Extension.value[x]",
        "slicing": {
          "discriminator": [
            {
              "type": "type",
              "path": "$this"
            }
          ],
          "ordered": false,
          "rules": "open"
        },
        "type": [
          {
            "code": "Duration"
          }
        ]
      },
      {
        "id": "Extension.valueDuration",
        "path": "Extension.valueDuration",
        "min": 0,
        "max": "1",
        "example": [
          {
            "valueDuration": {
              "value": 3,
              "code": "a",
              "system": "http://unitsofmeasure.org"
            },
            "label": "Valid Example"
          }
        ]
      }
    ]
  }
}
