{
  "resourceType": "ValueSet",
  "status": "draft",
  "name": "ILCoreConditionCode",
  "id": "il-core-condition-code",
  "title": "IL Core Condition Code",
  "description": "A list of codes for conditions for the IL Core",
  "version": "0.10.1",
  "url": "http://fhir.health.gov.il/ValueSet/il-core-condition-code",
  "experimental": false,
  "compose": {
    "include": [
      {
        "system": "http://snomed.info/sct",
        "filter": [
          {
            "property": "concept",
            "op": "descendent-of",
            "value": "404684003"
          }
        ]
      },
      {
        "system": "http://snomed.info/sct",
        "filter": [
          {
            "property": "concept",
            "op": "descendent-of",
            "value": "243796009"
          }
        ]
      },
      {
        "system": "http://snomed.info/sct",
        "filter": [
          {
            "property": "concept",
            "op": "descendent-of",
            "value": "272379006"
          }
        ]
      },
      {
        "system": "http://snomed.info/sct",
        "filter": [
          {
            "property": "concept",
            "op": "descendent-of",
            "value": "312850006"
          }
        ]
      },
      {
        "system": "http://snomed.info/sct",
        "filter": [
          {
            "property": "concept",
            "op": "descendent-of",
            "value": "49755003"
          }
        ]
      },
      {
        "system": "http://hl7.org/fhir/sid/icd-10"
      },
      {
        "system": "http://hl7.org/fhir/sid/icd-10-cm"
      },
      {
        "valueSet": [
          "http://fhir.health.gov.il/ValueSet/icd9-cm-diagnoses"
        ]
      },
      {
        "valueSet": [
          "http://fhir.health.gov.il/ValueSet/icd9il-diagnoses"
        ]
      },
      {
        "system": "http://terminology.hl7.org/CodeSystem/icd-o-3"
      },
      {
        "system": "http://snomed.info/sct",
        "concept": [
          {
            "code": "160245001",
            "display": "No current problems or disability"
          }
        ]
      }
    ]
  }
}
