{
  "resourceType": "ValueSet",
  "status": "draft",
  "name": "ILCoreRouteCode",
  "id": "il-core-route-code",
  "title": "IL Core Route Code",
  "description": "A list of codes for Route for the IL Core",
  "version": "0.10.1",
  "url": "http://fhir.health.gov.il/ValueSet/il-core-route-code",
  "experimental": false,
  "compose": {
    "include": [
      {
        "system": "http://snomed.info/sct",
        "filter": [
          {
            "property": "concept",
            "op": "is-a",
            "value": "284009009"
          }
        ]
      },
      {
        "system": "http://snomed.info/sct",
        "filter": [
          {
            "property": "concept",
            "op": "is-a",
            "value": "418307001"
          }
        ]
      }
    ]
  }
}
