{
  "resourceType": "ValueSet",
  "status": "draft",
  "name": "ILCoreMedicationCode",
  "id": "il-core-medication-code",
  "title": "ILCore Medication Code",
  "description": "Codes for medications according to ILCore catalogue",
  "version": "0.10.1",
  "url": "http://fhir.health.gov.il/ValueSet/il-core-medication-code",
  "experimental": false,
  "compose": {
    "include": [
      {
        "system": "http://israeldrugs.health.gov.il"
      },
      {
        "system": "http://yarpa.co.il/catalog"
      },
      {
        "system": "http://www.nlm.nih.gov/research/umls/rxnorm"
      },
      {
        "system": "http://www.whocc.no/atc"
      }
    ]
  }
}
