{
  "resourceType": "ValueSet",
  "status": "draft",
  "name": "PractitionerNurseProfessionMoH",
  "id": "practitioner-nurse-profession-moh",
  "title": "קוד מקצוע לעוסק בסיעוד",
  "description": "קוד מקצוע לעוסק בסיעוד לפי רישוי משרד הבריאות",
  "version": "0.10.1",
  "url": "http://fhir.health.gov.il/ValueSet/practitioner-nurse-profession-moh",
  "experimental": false,
  "compose": {
    "include": [
      {
        "system": "http://fhir.health.gov.il/cs/practitioner-profession-moh",
        "concept": [
          {
            "code": "101",
            "display": "אח/ות מוסמכ/ת"
          },
          {
            "code": "102",
            "display": "אח/ות מעשי/ת"
          }
        ]
      }
    ]
  }
}
