{
  "resourceType": "ValueSet",
  "status": "draft",
  "name": "PractitionerCertificateType",
  "id": "practitioner-certificate-type",
  "title": "Practitioner Certificate Types",
  "description": "A list of codes for certificate types for all medical practitioners",
  "version": "0.10.1",
  "url": "http://fhir.health.gov.il/ValueSet/practitioner-certificate-type",
  "experimental": false,
  "compose": {
    "include": [
      {
        "system": "http://fhir.health.gov.il/cs/practitioner-certificate-type-molsa",
        "concept": [
          {
            "code": "SW",
            "display": "רשיון עבודה סוציאלית"
          }
        ]
      },
      {
        "system": "http://fhir.health.gov.il/cs/practitioner-certificate-type-moh",
        "concept": [
          {
            "code": "1",
            "display": "רשיון זמני"
          },
          {
            "code": "2",
            "display": "רשיון קבוע"
          },
          {
            "code": "3",
            "display": "תעודת הכרה זמנית"
          },
          {
            "code": "4",
            "display": "תעודת הכרה"
          },
          {
            "code": "5",
            "display": "תעודת מומחה"
          },
          {
            "code": "6",
            "display": "היתר מוגבל למומחה"
          },
          {
            "code": "7",
            "display": "סטז'"
          },
          {
            "code": "9",
            "display": "היתר לניהול מעבדה רפואית"
          },
          {
            "code": "10",
            "display": "היתר מוגבל למשתלם"
          },
          {
            "code": "11",
            "display": "הרשאה מוגבלת למומחה"
          },
          {
            "code": "13",
            "display": "תעודת מדריך"
          },
          {
            "code": "19",
            "display": "היתר לתושבים זרים"
          },
          {
            "code": "22",
            "display": "היתר מוגבל למומחה באופטלמולוגיה"
          },
          {
            "code": "23",
            "display": "היתר מוגבל למומחה בניתוחי לב ילדים"
          },
          {
            "code": "25",
            "display": "רשיון בהיפנוזה"
          },
          {
            "code": "26",
            "display": "תעודת רישום"
          },
          {
            "code": "28",
            "display": "תעודת יושר"
          },
          {
            "code": "31",
            "display": "היתר מיוחד להעסקה"
          },
          {
            "code": "60",
            "display": "היתר לניהול מעבדה בתוך מערך המעבדות"
          },
          {
            "code": "101",
            "display": "היתר מוגבל למוסדות"
          },
          {
            "code": "102",
            "display": "היתר זמני"
          },
          {
            "code": "103",
            "display": "תעודת רישום מוגבלת למתן דם"
          },
          {
            "code": "109",
            "display": "היתר זמני מוגבל למזרח ירושלים"
          },
          {
            "code": "110",
            "display": "תעודת רישום קורס ע ב"
          },
          {
            "code": "114",
            "display": "היתר מוגבל בפיקוח"
          },
          {
            "code": "119",
            "display": "ת. רישום ע.ב מודולה מתקדמת"
          },
          {
            "code": "120",
            "display": "תעודת מקצוע"
          },
          {
            "code": "121",
            "display": "תעודת מקצוע - זמנית"
          },
          {
            "code": "122",
            "display": "אחות מומחית בטיפול תומך"
          },
          {
            "code": "124",
            "display": "היתר זמני לקורס על בסיסי"
          },
          {
            "code": "127",
            "display": "הרשאה לסטז' לבוגרי הארץ"
          },
          {
            "code": "128",
            "display": "היתר מוגבל"
          },
          {
            "code": "129",
            "display": "אישור מחנך"
          },
          {
            "code": "130",
            "display": "אישור לקנביס"
          },
          {
            "code": "131",
            "display": "תעודת הסמכה"
          },
          {
            "code": "132",
            "display": "אישור לטיפול בהרדמה"
          },
          {
            "code": "133",
            "display": "רשיון זמני לעבודה בפיקוח"
          },
          {
            "code": "134",
            "display": "היתר מוגבל- היפנוזה"
          },
          {
            "code": "135",
            "display": "אישור תיירות מרפא"
          },
          {
            "code": "136",
            "display": "אישור הדרכה קלינית למומחיות"
          },
          {
            "code": "138",
            "display": "היתר מוגבל להתנסות"
          },
          {
            "code": "139",
            "display": "אישור סדציה לילדים"
          },
          {
            "code": "140",
            "display": "אישור סדציה למבוגרים"
          },
          {
            "code": "141",
            "display": "היתר זמני לפסיכולוגיה"
          },
          {
            "code": "142",
            "display": "היתר זמני - קורונה"
          },
          {
            "code": "143",
            "display": "תעודת הסמכה - אקמו"
          }
        ]
      }
    ]
  }
}
