{
  "resourceType": "ValueSet",
  "status": "draft",
  "name": "TargetDisease",
  "id": "target-disease",
  "title": "Target Disease Codes",
  "description": "SNOMED based valueset of all Disease caused by microorganism or bacterial toxin",
  "version": "0.10.1",
  "url": "http://fhir.health.gov.il/ValueSet/target-disease",
  "experimental": false,
  "compose": {
    "include": [
      {
        "system": "http://snomed.info/sct",
        "filter": [
          {
            "property": "concept",
            "op": "descendent-of",
            "value": "87628006"
          }
        ]
      },
      {
        "system": "http://snomed.info/sct",
        "filter": [
          {
            "property": "concept",
            "op": "descendent-of",
            "value": "34014006"
          }
        ]
      }
    ]
  }
}
