{
  "resourceType": "ValueSet",
  "status": "draft",
  "name": "VaccineProductCode",
  "id": "vaccine-product-code",
  "title": "Vaccine Product Codes",
  "description": "A list of codes for vaccine products from atc, YARPA and cvx codeSystems",
  "version": "0.10.1",
  "url": "http://fhir.health.gov.il/ValueSet/vaccine-product-code",
  "experimental": false,
  "compose": {
    "include": [
      {
        "system": "http://hl7.org/fhir/sid/cvx"
      },
      {
        "system": "http://www.whocc.no/atc",
        "filter": [
          {
            "property": "concept",
            "op": "is-a",
            "value": "J07"
          }
        ]
      },
      {
        "system": "http://yarpa.co.il/catalog"
      }
    ]
  }
}
