{
  "resourceType": "ValueSet",
  "status": "draft",
  "name": "ILCoreServiceCategory",
  "id": "il-core-service-category",
  "title": "IL Core ServiceCategory",
  "description": "A list of codes for Service Category for the IL Core",
  "version": "0.10.1",
  "url": "http://fhir.health.gov.il/ValueSet/il-core-service-category",
  "experimental": false,
  "compose": {
    "include": [
      {
        "system": "http://snomed.info/sct",
        "concept": [
          {
            "code": "103693007",
            "display": "Diagnostic procedure (procedure)"
          },
          {
            "code": "386053000",
            "display": "Evaluation procedure (procedure)"
          },
          {
            "code": "14734007",
            "display": "Administrative procedure (procedure)"
          },
          {
            "code": "108252007",
            "display": "Laboratory procedure (procedure)"
          },
          {
            "code": "363679005",
            "display": "Imaging (procedure)"
          },
          {
            "code": "409073007",
            "display": "Education (procedure)"
          },
          {
            "code": "33879002",
            "display": "Immunization (procedure)"
          },
          {
            "code": "7922000",
            "display": "General treatment (procedure)"
          },
          {
            "code": "409063005",
            "display": "Counseling (procedure)"
          },
          {
            "code": "387713003",
            "display": "Surgical procedure (procedure)"
          },
          {
            "code": "277132007",
            "display": "Therapeutic procedure (procedure)"
          },
          {
            "code": "182813001",
            "display": "Emergency treatment (procedure)"
          },
          {
            "code": "32485007",
            "display": "Hospital admission (procedure)"
          }
        ]
      }
    ]
  }
}
