{
  "resourceType": "ValueSet",
  "status": "draft",
  "name": "PractitionerAdvancedCourseMoH",
  "id": "practitioner-advanced-course-moh",
  "title": "קוד קורס על בסיסי לעוסק בסיעוד",
  "description": "קוד קורס על בסיסי לעוסק בסיעוד לפי רישוי משרד הבריאות",
  "version": "0.10.1",
  "url": "http://fhir.health.gov.il/ValueSet/practitioner-advanced-course-moh",
  "experimental": false,
  "compose": {
    "include": [
      {
        "system": "http://fhir.health.gov.il/cs/practitioner-advanced-course-moh"
      }
    ]
  }
}
