{
  "resourceType": "ValueSet",
  "status": "draft",
  "name": "PractitionerProfessionMoH",
  "id": "practitioner-profession-moh",
  "title": "קוד מקצוע לעוסק בבריאות",
  "description": " קוד מקצוע לעוסק בבריאות לפי רישוי משרד הבריאות. שימו לב: מקצועות הסיעוד הוחרגו מרשימה זו ונמצאים ברשימה נפרדת",
  "version": "0.10.1",
  "url": "http://fhir.health.gov.il/ValueSet/practitioner-profession-moh",
  "experimental": false,
  "compose": {
    "include": [
      {
        "system": "http://fhir.health.gov.il/cs/practitioner-profession-moh"
      }
    ],
    "exclude": [
      {
        "system": "http://fhir.health.gov.il/cs/practitioner-profession-moh",
        "concept": [
          {
            "code": "101",
            "display": "אח/ות מוסמכ/ת"
          },
          {
            "code": "102",
            "display": "אח/ות מעשי/ת"
          },
          {
            "code": "103",
            "display": "אח/ות"
          }
        ]
      }
    ]
  }
}
