{
  "resourceType": "ValueSet",
  "status": "draft",
  "name": "ILCoreNotPerformedReason",
  "id": "il-core-not-performed-reason",
  "title": "IL Core procedure Reason",
  "description": "A list of codes for procedure reasons for the IL Core",
  "version": "0.10.1",
  "url": "http://fhir.health.gov.il/ValueSet/il-core-not-performed-reason",
  "experimental": false,
  "compose": {
    "include": [
      {
        "system": "http://fhir.health.gov.il/cs/il-core-not-performed-reason"
      }
    ]
  }
}
