{
  "resourceType": "ValueSet",
  "status": "draft",
  "name": "InstitutionTypeMoH",
  "id": "institution-type-moh",
  "title": "סוג מוסד לפי רישוי משרד הבריאות",
  "description": "סוג מוסד לפי רישוי משרד הבריאות - הרוב המכריע נמצא בפרסום המאגר של רישוי מוסדות של משרד הבריאות",
  "version": "0.10.1",
  "url": "http://fhir.health.gov.il/ValueSet/institution-type-moh",
  "experimental": false,
  "compose": {
    "include": [
      {
        "system": "http://fhir.health.gov.il/cs/institution-type-moh"
      }
    ]
  }
}
