{
  "resourceType": "ValueSet",
  "status": "draft",
  "name": "MedicalServiceMoH",
  "id": "medical-service-moh",
  "title": "קוד מוצר או שירות",
  "description": "קוד שירותים רפואיים , כולל שירותים באשפוז, שירותים אמבולטוריים, רפואת שיניים ובריאות הנפש",
  "version": "0.10.1",
  "url": "http://fhir.health.gov.il/ValueSet/medical-service-moh",
  "experimental": false,
  "compose": {
    "include": [
      {
        "system": "http://fhir.health.gov.il/cs/medical-service-moh"
      }
    ]
  }
}
