{
  "resourceType": "ValueSet",
  "status": "draft",
  "name": "PassportUri",
  "id": "passport-uri",
  "title": "Passport URIs",
  "description": "A country specific URI for passport numbers",
  "version": "0.10.1",
  "url": "http://fhir.health.gov.il/ValueSet/passport-uri",
  "experimental": false,
  "compose": {
    "include": [
      {
        "system": "urn:ietf:rfc:3986",
        "concept": [
          {
            "code": "http://hl7.org/fhir/sid/passport-AFG",
            "display": "Afghanistan"
          },
          {
            "code": "http://hl7.org/fhir/sid/passport-ALB",
            "display": "Albania"
          },
          {
            "code": "http://hl7.org/fhir/sid/passport-DZA",
            "display": "Algeria"
          },
          {
            "code": "http://hl7.org/fhir/sid/passport-ASM",
            "display": "American Samoa"
          },
          {
            "code": "http://hl7.org/fhir/sid/passport-AND",
            "display": "Andorra"
          },
          {
            "code": "http://hl7.org/fhir/sid/passport-AGO",
            "display": "Angola"
          },
          {
            "code": "http://hl7.org/fhir/sid/passport-AIA",
            "display": "Anguilla"
          },
          {
            "code": "http://hl7.org/fhir/sid/passport-ATA",
            "display": "Antarctica"
          },
          {
            "code": "http://hl7.org/fhir/sid/passport-ATG",
            "display": "Antigua and Barbuda"
          },
          {
            "code": "http://hl7.org/fhir/sid/passport-ARG",
            "display": "Argentina"
          },
          {
            "code": "http://hl7.org/fhir/sid/passport-ARM",
            "display": "Armenia"
          },
          {
            "code": "http://hl7.org/fhir/sid/passport-ABW",
            "display": "Aruba"
          },
          {
            "code": "http://hl7.org/fhir/sid/passport-AUS",
            "display": "Australia"
          },
          {
            "code": "http://hl7.org/fhir/sid/passport-AUT",
            "display": "Austria"
          },
          {
            "code": "http://hl7.org/fhir/sid/passport-AZE",
            "display": "Azerbaijan"
          },
          {
            "code": "http://hl7.org/fhir/sid/passport-BHS",
            "display": "Bahamas"
          },
          {
            "code": "http://hl7.org/fhir/sid/passport-BHR",
            "display": "Bahrain"
          },
          {
            "code": "http://hl7.org/fhir/sid/passport-BGD",
            "display": "Bangladesh"
          },
          {
            "code": "http://hl7.org/fhir/sid/passport-BRB",
            "display": "Barbados"
          },
          {
            "code": "http://hl7.org/fhir/sid/passport-BLR",
            "display": "Belarus"
          },
          {
            "code": "http://hl7.org/fhir/sid/passport-BEL",
            "display": "Belgium"
          },
          {
            "code": "http://hl7.org/fhir/sid/passport-BLZ",
            "display": "Belize"
          },
          {
            "code": "http://hl7.org/fhir/sid/passport-BEN",
            "display": "Benin"
          },
          {
            "code": "http://hl7.org/fhir/sid/passport-BMU",
            "display": "Bermuda"
          },
          {
            "code": "http://hl7.org/fhir/sid/passport-BTN",
            "display": "Bhutan"
          },
          {
            "code": "http://hl7.org/fhir/sid/passport-BOL",
            "display": "Bolivia"
          },
          {
            "code": "http://hl7.org/fhir/sid/passport-BIH",
            "display": "Bosnia and Herzegovina"
          },
          {
            "code": "http://hl7.org/fhir/sid/passport-BWA",
            "display": "Botswana"
          },
          {
            "code": "http://hl7.org/fhir/sid/passport-BVT",
            "display": "Bouvet Island"
          },
          {
            "code": "http://hl7.org/fhir/sid/passport-BRA",
            "display": "Brazil"
          },
          {
            "code": "http://hl7.org/fhir/sid/passport-IOT",
            "display": "British Indian Ocean Territory"
          },
          {
            "code": "http://hl7.org/fhir/sid/passport-BRN",
            "display": "Brunei"
          },
          {
            "code": "http://hl7.org/fhir/sid/passport-BGR",
            "display": "Bulgaria"
          },
          {
            "code": "http://hl7.org/fhir/sid/passport-BFA",
            "display": "Burkina Faso"
          },
          {
            "code": "http://hl7.org/fhir/sid/passport-BDI",
            "display": "Burundi"
          },
          {
            "code": "http://hl7.org/fhir/sid/passport-KHM",
            "display": "Cambodia"
          },
          {
            "code": "http://hl7.org/fhir/sid/passport-CMR",
            "display": "Cameroon"
          },
          {
            "code": "http://hl7.org/fhir/sid/passport-CAN",
            "display": "Canada"
          },
          {
            "code": "http://hl7.org/fhir/sid/passport-CPV",
            "display": "Cape Verde"
          },
          {
            "code": "http://hl7.org/fhir/sid/passport-CYM",
            "display": "Cayman Islands"
          },
          {
            "code": "http://hl7.org/fhir/sid/passport-CAF",
            "display": "Central African Republic"
          },
          {
            "code": "http://hl7.org/fhir/sid/passport-TCD",
            "display": "Chad"
          },
          {
            "code": "http://hl7.org/fhir/sid/passport-CHL",
            "display": "Chile"
          },
          {
            "code": "http://hl7.org/fhir/sid/passport-CHN",
            "display": "China"
          },
          {
            "code": "http://hl7.org/fhir/sid/passport-CXR",
            "display": "Christmas Island"
          },
          {
            "code": "http://hl7.org/fhir/sid/passport-CCK",
            "display": "Cocos (Keeling) Islands"
          },
          {
            "code": "http://hl7.org/fhir/sid/passport-COL",
            "display": "Colombia"
          },
          {
            "code": "http://hl7.org/fhir/sid/passport-COM",
            "display": "Comoros"
          },
          {
            "code": "http://hl7.org/fhir/sid/passport-COG",
            "display": "Congo"
          },
          {
            "code": "http://hl7.org/fhir/sid/passport-COD",
            "display": "Congo, the Democratic Republic of the"
          },
          {
            "code": "http://hl7.org/fhir/sid/passport-COK",
            "display": "Cook Islands"
          },
          {
            "code": "http://hl7.org/fhir/sid/passport-CRI",
            "display": "Costa Rica"
          },
          {
            "code": "http://hl7.org/fhir/sid/passport-CIV",
            "display": "Ivory Coast"
          },
          {
            "code": "http://hl7.org/fhir/sid/passport-HRV",
            "display": "Croatia"
          },
          {
            "code": "http://hl7.org/fhir/sid/passport-CUB",
            "display": "Cuba"
          },
          {
            "code": "http://hl7.org/fhir/sid/passport-CYP",
            "display": "Cyprus"
          },
          {
            "code": "http://hl7.org/fhir/sid/passport-CZE",
            "display": "Czech Republic"
          },
          {
            "code": "http://hl7.org/fhir/sid/passport-DNK",
            "display": "Denmark"
          },
          {
            "code": "http://hl7.org/fhir/sid/passport-DJI",
            "display": "Djibouti"
          },
          {
            "code": "http://hl7.org/fhir/sid/passport-DMA",
            "display": "Dominica"
          },
          {
            "code": "http://hl7.org/fhir/sid/passport-DOM",
            "display": "Dominican Republic"
          },
          {
            "code": "http://hl7.org/fhir/sid/passport-ECU",
            "display": "Ecuador"
          },
          {
            "code": "http://hl7.org/fhir/sid/passport-EGY",
            "display": "Egypt"
          },
          {
            "code": "http://hl7.org/fhir/sid/passport-SLV",
            "display": "El Salvador"
          },
          {
            "code": "http://hl7.org/fhir/sid/passport-GNQ",
            "display": "Equatorial Guinea"
          },
          {
            "code": "http://hl7.org/fhir/sid/passport-ERI",
            "display": "Eritrea"
          },
          {
            "code": "http://hl7.org/fhir/sid/passport-EST",
            "display": "Estonia"
          },
          {
            "code": "http://hl7.org/fhir/sid/passport-ETH",
            "display": "Ethiopia"
          },
          {
            "code": "http://hl7.org/fhir/sid/passport-FLK",
            "display": "Falkland Islands (Malvinas)"
          },
          {
            "code": "http://hl7.org/fhir/sid/passport-FRO",
            "display": "Faroe Islands"
          },
          {
            "code": "http://hl7.org/fhir/sid/passport-FJI",
            "display": "Fiji"
          },
          {
            "code": "http://hl7.org/fhir/sid/passport-FIN",
            "display": "Finland"
          },
          {
            "code": "http://hl7.org/fhir/sid/passport-FRA",
            "display": "France"
          },
          {
            "code": "http://hl7.org/fhir/sid/passport-GUF",
            "display": "French Guiana"
          },
          {
            "code": "http://hl7.org/fhir/sid/passport-PYF",
            "display": "French Polynesia"
          },
          {
            "code": "http://hl7.org/fhir/sid/passport-ATF",
            "display": "French Southern Territories"
          },
          {
            "code": "http://hl7.org/fhir/sid/passport-GAB",
            "display": "Gabon"
          },
          {
            "code": "http://hl7.org/fhir/sid/passport-GMB",
            "display": "Gambia"
          },
          {
            "code": "http://hl7.org/fhir/sid/passport-GEO",
            "display": "Georgia"
          },
          {
            "code": "http://hl7.org/fhir/sid/passport-DEU",
            "display": "Germany"
          },
          {
            "code": "http://hl7.org/fhir/sid/passport-GHA",
            "display": "Ghana"
          },
          {
            "code": "http://hl7.org/fhir/sid/passport-GIB",
            "display": "Gibraltar"
          },
          {
            "code": "http://hl7.org/fhir/sid/passport-GRC",
            "display": "Greece"
          },
          {
            "code": "http://hl7.org/fhir/sid/passport-GRL",
            "display": "Greenland"
          },
          {
            "code": "http://hl7.org/fhir/sid/passport-GRD",
            "display": "Grenada"
          },
          {
            "code": "http://hl7.org/fhir/sid/passport-GLP",
            "display": "Guadeloupe"
          },
          {
            "code": "http://hl7.org/fhir/sid/passport-GUM",
            "display": "Guam"
          },
          {
            "code": "http://hl7.org/fhir/sid/passport-GTM",
            "display": "Guatemala"
          },
          {
            "code": "http://hl7.org/fhir/sid/passport-GGY",
            "display": "Guernsey"
          },
          {
            "code": "http://hl7.org/fhir/sid/passport-GIN",
            "display": "Guinea"
          },
          {
            "code": "http://hl7.org/fhir/sid/passport-GNB",
            "display": "Guinea-Bissau"
          },
          {
            "code": "http://hl7.org/fhir/sid/passport-GUY",
            "display": "Guyana"
          },
          {
            "code": "http://hl7.org/fhir/sid/passport-HTI",
            "display": "Haiti"
          },
          {
            "code": "http://hl7.org/fhir/sid/passport-HMD",
            "display": "Heard Island and McDonald Islands"
          },
          {
            "code": "http://hl7.org/fhir/sid/passport-VAT",
            "display": "Holy See (Vatican City State)"
          },
          {
            "code": "http://hl7.org/fhir/sid/passport-HND",
            "display": "Honduras"
          },
          {
            "code": "http://hl7.org/fhir/sid/passport-HKG",
            "display": "Hong Kong"
          },
          {
            "code": "http://hl7.org/fhir/sid/passport-HUN",
            "display": "Hungary"
          },
          {
            "code": "http://hl7.org/fhir/sid/passport-ISL",
            "display": "Iceland"
          },
          {
            "code": "http://hl7.org/fhir/sid/passport-IND",
            "display": "India"
          },
          {
            "code": "http://hl7.org/fhir/sid/passport-IDN",
            "display": "Indonesia"
          },
          {
            "code": "http://hl7.org/fhir/sid/passport-IRN",
            "display": "Iran, Islamic Republic of"
          },
          {
            "code": "http://hl7.org/fhir/sid/passport-IRQ",
            "display": "Iraq"
          },
          {
            "code": "http://hl7.org/fhir/sid/passport-IRL",
            "display": "Ireland"
          },
          {
            "code": "http://hl7.org/fhir/sid/passport-IMN",
            "display": "Isle of Man"
          },
          {
            "code": "http://hl7.org/fhir/sid/passport-ISR",
            "display": "Israel"
          },
          {
            "code": "http://hl7.org/fhir/sid/passport-ITA",
            "display": "Italy"
          },
          {
            "code": "http://hl7.org/fhir/sid/passport-JAM",
            "display": "Jamaica"
          },
          {
            "code": "http://hl7.org/fhir/sid/passport-JPN",
            "display": "Japan"
          },
          {
            "code": "http://hl7.org/fhir/sid/passport-JEY",
            "display": "Jersey"
          },
          {
            "code": "http://hl7.org/fhir/sid/passport-JOR",
            "display": "Jordan"
          },
          {
            "code": "http://hl7.org/fhir/sid/passport-KAZ",
            "display": "Kazakhstan"
          },
          {
            "code": "http://hl7.org/fhir/sid/passport-KEN",
            "display": "Kenya"
          },
          {
            "code": "http://hl7.org/fhir/sid/passport-KIR",
            "display": "Kiribati"
          },
          {
            "code": "http://hl7.org/fhir/sid/passport-PRK",
            "display": "Korea, Democratic People's Republic of"
          },
          {
            "code": "http://hl7.org/fhir/sid/passport-KOR",
            "display": "Korea, Republic of"
          },
          {
            "code": "http://hl7.org/fhir/sid/passport-KWT",
            "display": "Kuwait"
          },
          {
            "code": "http://hl7.org/fhir/sid/passport-KGZ",
            "display": "Kyrgyzstan"
          },
          {
            "code": "http://hl7.org/fhir/sid/passport-LAO",
            "display": "Lao People's Democratic Republic"
          },
          {
            "code": "http://hl7.org/fhir/sid/passport-LVA",
            "display": "Latvia"
          },
          {
            "code": "http://hl7.org/fhir/sid/passport-LBN",
            "display": "Lebanon"
          },
          {
            "code": "http://hl7.org/fhir/sid/passport-LSO",
            "display": "Lesotho"
          },
          {
            "code": "http://hl7.org/fhir/sid/passport-LBR",
            "display": "Liberia"
          },
          {
            "code": "http://hl7.org/fhir/sid/passport-LBY",
            "display": "Libya"
          },
          {
            "code": "http://hl7.org/fhir/sid/passport-LIE",
            "display": "Liechtenstein"
          },
          {
            "code": "http://hl7.org/fhir/sid/passport-LTU",
            "display": "Lithuania"
          },
          {
            "code": "http://hl7.org/fhir/sid/passport-LUX",
            "display": "Luxembourg"
          },
          {
            "code": "http://hl7.org/fhir/sid/passport-MAC",
            "display": "Macao"
          },
          {
            "code": "http://hl7.org/fhir/sid/passport-MKD",
            "display": "Macedonia, the former Yugoslav Republic of"
          },
          {
            "code": "http://hl7.org/fhir/sid/passport-MDG",
            "display": "Madagascar"
          },
          {
            "code": "http://hl7.org/fhir/sid/passport-MWI",
            "display": "Malawi"
          },
          {
            "code": "http://hl7.org/fhir/sid/passport-MYS",
            "display": "Malaysia"
          },
          {
            "code": "http://hl7.org/fhir/sid/passport-MDV",
            "display": "Maldives"
          },
          {
            "code": "http://hl7.org/fhir/sid/passport-MLI",
            "display": "Mali"
          },
          {
            "code": "http://hl7.org/fhir/sid/passport-MLT",
            "display": "Malta"
          },
          {
            "code": "http://hl7.org/fhir/sid/passport-MHL",
            "display": "Marshall Islands"
          },
          {
            "code": "http://hl7.org/fhir/sid/passport-MTQ",
            "display": "Martinique"
          },
          {
            "code": "http://hl7.org/fhir/sid/passport-MRT",
            "display": "Mauritania"
          },
          {
            "code": "http://hl7.org/fhir/sid/passport-MUS",
            "display": "Mauritius"
          },
          {
            "code": "http://hl7.org/fhir/sid/passport-MYT",
            "display": "Mayotte"
          },
          {
            "code": "http://hl7.org/fhir/sid/passport-MEX",
            "display": "Mexico"
          },
          {
            "code": "http://hl7.org/fhir/sid/passport-FSM",
            "display": "Micronesia, Federated States of"
          },
          {
            "code": "http://hl7.org/fhir/sid/passport-MDA",
            "display": "Moldova, Republic of"
          },
          {
            "code": "http://hl7.org/fhir/sid/passport-MCO",
            "display": "Monaco"
          },
          {
            "code": "http://hl7.org/fhir/sid/passport-MNG",
            "display": "Mongolia"
          },
          {
            "code": "http://hl7.org/fhir/sid/passport-MNE",
            "display": "Montenegro"
          },
          {
            "code": "http://hl7.org/fhir/sid/passport-MSR",
            "display": "Montserrat"
          },
          {
            "code": "http://hl7.org/fhir/sid/passport-MAR",
            "display": "Morocco"
          },
          {
            "code": "http://hl7.org/fhir/sid/passport-MOZ",
            "display": "Mozambique"
          },
          {
            "code": "http://hl7.org/fhir/sid/passport-MMR",
            "display": "Myanmar/Burma"
          },
          {
            "code": "http://hl7.org/fhir/sid/passport-NAM",
            "display": "Namibia"
          },
          {
            "code": "http://hl7.org/fhir/sid/passport-NRU",
            "display": "Nauru"
          },
          {
            "code": "http://hl7.org/fhir/sid/passport-NPL",
            "display": "Nepal"
          },
          {
            "code": "http://hl7.org/fhir/sid/passport-NLD",
            "display": "Netherlands"
          },
          {
            "code": "http://hl7.org/fhir/sid/passport-ANT",
            "display": "Netherlands Antilles"
          },
          {
            "code": "http://hl7.org/fhir/sid/passport-NCL",
            "display": "New Caledonia"
          },
          {
            "code": "http://hl7.org/fhir/sid/passport-NZL",
            "display": "New Zealand"
          },
          {
            "code": "http://hl7.org/fhir/sid/passport-NIC",
            "display": "Nicaragua"
          },
          {
            "code": "http://hl7.org/fhir/sid/passport-NER",
            "display": "Niger"
          },
          {
            "code": "http://hl7.org/fhir/sid/passport-NGA",
            "display": "Nigeria"
          },
          {
            "code": "http://hl7.org/fhir/sid/passport-NIU",
            "display": "Niue"
          },
          {
            "code": "http://hl7.org/fhir/sid/passport-NFK",
            "display": "Norfolk Island"
          },
          {
            "code": "http://hl7.org/fhir/sid/passport-MNP",
            "display": "Northern Mariana Islands"
          },
          {
            "code": "http://hl7.org/fhir/sid/passport-NOR",
            "display": "Norway"
          },
          {
            "code": "http://hl7.org/fhir/sid/passport-OMN",
            "display": "Oman"
          },
          {
            "code": "http://hl7.org/fhir/sid/passport-PAK",
            "display": "Pakistan"
          },
          {
            "code": "http://hl7.org/fhir/sid/passport-PLW",
            "display": "Palau"
          },
          {
            "code": "http://hl7.org/fhir/sid/passport-PSE",
            "display": "Palestinian Territory, Occupied"
          },
          {
            "code": "http://hl7.org/fhir/sid/passport-PAN",
            "display": "Panama"
          },
          {
            "code": "http://hl7.org/fhir/sid/passport-PNG",
            "display": "Papua New Guinea"
          },
          {
            "code": "http://hl7.org/fhir/sid/passport-PRY",
            "display": "Paraguay"
          },
          {
            "code": "http://hl7.org/fhir/sid/passport-PER",
            "display": "Peru"
          },
          {
            "code": "http://hl7.org/fhir/sid/passport-PHL",
            "display": "Philippines"
          },
          {
            "code": "http://hl7.org/fhir/sid/passport-PCN",
            "display": "Pitcairn"
          },
          {
            "code": "http://hl7.org/fhir/sid/passport-POL",
            "display": "Poland"
          },
          {
            "code": "http://hl7.org/fhir/sid/passport-PRT",
            "display": "Portugal"
          },
          {
            "code": "http://hl7.org/fhir/sid/passport-PRI",
            "display": "Puerto Rico"
          },
          {
            "code": "http://hl7.org/fhir/sid/passport-QAT",
            "display": "Qatar"
          },
          {
            "code": "http://hl7.org/fhir/sid/passport-REU",
            "display": "Réunion"
          },
          {
            "code": "http://hl7.org/fhir/sid/passport-ROU",
            "display": "Romania"
          },
          {
            "code": "http://hl7.org/fhir/sid/passport-RUS",
            "display": "Russia"
          },
          {
            "code": "http://hl7.org/fhir/sid/passport-RWA",
            "display": "Rwanda"
          },
          {
            "code": "http://hl7.org/fhir/sid/passport-SHN",
            "display": "Saint Helena, Ascension and Tristan da Cunha"
          },
          {
            "code": "http://hl7.org/fhir/sid/passport-KNA",
            "display": "Saint Kitts and Nevis"
          },
          {
            "code": "http://hl7.org/fhir/sid/passport-LCA",
            "display": "Saint Lucia"
          },
          {
            "code": "http://hl7.org/fhir/sid/passport-SPM",
            "display": "Saint Pierre and Miquelon"
          },
          {
            "code": "http://hl7.org/fhir/sid/passport-VCT",
            "display": "Saint Vincent and the Grenadines"
          },
          {
            "code": "http://hl7.org/fhir/sid/passport-WSM",
            "display": "Samoa"
          },
          {
            "code": "http://hl7.org/fhir/sid/passport-SMR",
            "display": "San Marino"
          },
          {
            "code": "http://hl7.org/fhir/sid/passport-STP",
            "display": "Sao Tome and Principe"
          },
          {
            "code": "http://hl7.org/fhir/sid/passport-SAU",
            "display": "Saudi Arabia"
          },
          {
            "code": "http://hl7.org/fhir/sid/passport-SEN",
            "display": "Senegal"
          },
          {
            "code": "http://hl7.org/fhir/sid/passport-SRB",
            "display": "Serbia"
          },
          {
            "code": "http://hl7.org/fhir/sid/passport-SYC",
            "display": "Seychelles"
          },
          {
            "code": "http://hl7.org/fhir/sid/passport-SLE",
            "display": "Sierra Leone"
          },
          {
            "code": "http://hl7.org/fhir/sid/passport-SGP",
            "display": "Singapore"
          },
          {
            "code": "http://hl7.org/fhir/sid/passport-SVK",
            "display": "Slovakia"
          },
          {
            "code": "http://hl7.org/fhir/sid/passport-SVN",
            "display": "Slovenia"
          },
          {
            "code": "http://hl7.org/fhir/sid/passport-SLB",
            "display": "Solomon Islands"
          },
          {
            "code": "http://hl7.org/fhir/sid/passport-SOM",
            "display": "Somalia"
          },
          {
            "code": "http://hl7.org/fhir/sid/passport-ZAF",
            "display": "South Africa"
          },
          {
            "code": "http://hl7.org/fhir/sid/passport-SGS",
            "display": "South Georgia and the South Sandwich Islands"
          },
          {
            "code": "http://hl7.org/fhir/sid/passport-ESP",
            "display": "Spain"
          },
          {
            "code": "http://hl7.org/fhir/sid/passport-LKA",
            "display": "Sri Lanka"
          },
          {
            "code": "http://hl7.org/fhir/sid/passport-SDN",
            "display": "Sudan"
          },
          {
            "code": "http://hl7.org/fhir/sid/passport-SUR",
            "display": "Suriname"
          },
          {
            "code": "http://hl7.org/fhir/sid/passport-SJM",
            "display": "Svalbard and Jan Mayen"
          },
          {
            "code": "http://hl7.org/fhir/sid/passport-SWZ",
            "display": "Swaziland"
          },
          {
            "code": "http://hl7.org/fhir/sid/passport-SWE",
            "display": "Sweden"
          },
          {
            "code": "http://hl7.org/fhir/sid/passport-CHE",
            "display": "Switzerland"
          },
          {
            "code": "http://hl7.org/fhir/sid/passport-SYR",
            "display": "Syrian Arab Republic"
          },
          {
            "code": "http://hl7.org/fhir/sid/passport-TWN",
            "display": "Taiwan"
          },
          {
            "code": "http://hl7.org/fhir/sid/passport-TJK",
            "display": "Tajikistan"
          },
          {
            "code": "http://hl7.org/fhir/sid/passport-TZA",
            "display": "Tanzania, United Republic of"
          },
          {
            "code": "http://hl7.org/fhir/sid/passport-THA",
            "display": "Thailand"
          },
          {
            "code": "http://hl7.org/fhir/sid/passport-TLS",
            "display": "Timor-Leste"
          },
          {
            "code": "http://hl7.org/fhir/sid/passport-TGO",
            "display": "Togo"
          },
          {
            "code": "http://hl7.org/fhir/sid/passport-TKL",
            "display": "Tokelau"
          },
          {
            "code": "http://hl7.org/fhir/sid/passport-TON",
            "display": "Tonga"
          },
          {
            "code": "http://hl7.org/fhir/sid/passport-TTO",
            "display": "Trinidad and Tobago"
          },
          {
            "code": "http://hl7.org/fhir/sid/passport-TUN",
            "display": "Tunisia"
          },
          {
            "code": "http://hl7.org/fhir/sid/passport-TUR",
            "display": "Turkey"
          },
          {
            "code": "http://hl7.org/fhir/sid/passport-TKM",
            "display": "Turkmenistan"
          },
          {
            "code": "http://hl7.org/fhir/sid/passport-TCA",
            "display": "Turks and Caicos Islands"
          },
          {
            "code": "http://hl7.org/fhir/sid/passport-TUV",
            "display": "Tuvalu"
          },
          {
            "code": "http://hl7.org/fhir/sid/passport-UGA",
            "display": "Uganda"
          },
          {
            "code": "http://hl7.org/fhir/sid/passport-UKR",
            "display": "Ukraine"
          },
          {
            "code": "http://hl7.org/fhir/sid/passport-ARE",
            "display": "United Arab Emirates"
          },
          {
            "code": "http://hl7.org/fhir/sid/passport-GBR",
            "display": "United Kingdom"
          },
          {
            "code": "http://hl7.org/fhir/sid/passport-USA",
            "display": "United States"
          },
          {
            "code": "http://hl7.org/fhir/sid/passport-UMI",
            "display": "United States Minor Outlying Islands"
          },
          {
            "code": "http://hl7.org/fhir/sid/passport-URY",
            "display": "Uruguay"
          },
          {
            "code": "http://hl7.org/fhir/sid/passport-UZB",
            "display": "Uzbekistan"
          },
          {
            "code": "http://hl7.org/fhir/sid/passport-VUT",
            "display": "Vanuatu"
          },
          {
            "code": "http://hl7.org/fhir/sid/passport-VEN",
            "display": "Venezuela"
          },
          {
            "code": "http://hl7.org/fhir/sid/passport-VNM",
            "display": "Vietnam"
          },
          {
            "code": "http://hl7.org/fhir/sid/passport-VGB",
            "display": "Virgin Islands, British"
          },
          {
            "code": "http://hl7.org/fhir/sid/passport-VIR",
            "display": "Virgin Islands, U.S."
          },
          {
            "code": "http://hl7.org/fhir/sid/passport-WLF",
            "display": "Wallis and Futuna"
          },
          {
            "code": "http://hl7.org/fhir/sid/passport-ESH",
            "display": "Western Sahara"
          },
          {
            "code": "http://hl7.org/fhir/sid/passport-YEM",
            "display": "Yemen"
          },
          {
            "code": "http://hl7.org/fhir/sid/passport-ZMB",
            "display": "Zambia"
          },
          {
            "code": "http://hl7.org/fhir/sid/passport-ZWE",
            "display": "Zimbabwe"
          }
        ]
      }
    ]
  }
}
