{
  "resourceType": "ValueSet",
  "status": "draft",
  "name": "VaccineCode",
  "id": "vaccine-code",
  "title": "Vaccine Codes",
  "description": "A list of SNOMED codes for vaccines",
  "version": "0.10.1",
  "url": "http://fhir.health.gov.il/ValueSet/vaccine-code",
  "experimental": false,
  "compose": {
    "include": [
      {
        "system": "http://snomed.info/sct",
        "filter": [
          {
            "property": "concept",
            "op": "is-a",
            "value": "787859002"
          }
        ]
      }
    ]
  }
}
