{
  "resourceType": "ValueSet",
  "status": "draft",
  "name": "StatisticalAreaUri",
  "id": "statistical-area-uri",
  "title": "Israeli statistical area (אג\"ס) URI",
  "description": "URI's of statistical area identifiers. NOTE: When using CBS-statistical area numbers, use as directed in the statistical-area NamingSystem - i.e.,: 4-digit citiy code + 3-digit statistical area code. See [here](https://simplifier.net/ilcore/cbs-statistical-area)",
  "version": "0.10.1",
  "url": "http://fhir.health.gov.il/ValueSet/statistical-area-uri",
  "experimental": false,
  "compose": {
    "include": [
      {
        "system": "urn:ietf:rfc:3986",
        "concept": [
          {
            "code": "http://fhir.health.gov.il/identifier/cbs-statistical-area",
            "display": "Israeli CBS statistical area code"
          }
        ]
      }
    ]
  }
}
