{
  "resourceType": "ValueSet",
  "status": "draft",
  "name": "ILCoreProcedureCode",
  "id": "il-core-procedure-code",
  "title": "IL Core procedure Codes",
  "description": "A list of codes for procedures for the IL Core",
  "version": "0.10.1",
  "url": "http://fhir.health.gov.il/ValueSet/il-core-procedure-code",
  "experimental": false,
  "compose": {
    "include": [
      {
        "valueSet": [
          "http://fhir.health.gov.il/ValueSet/icd9-cm-procedures"
        ]
      },
      {
        "valueSet": [
          "http://fhir.health.gov.il/ValueSet/icd9il-procedures"
        ]
      },
      {
        "system": "http://snomed.info/sct",
        "filter": [
          {
            "property": "concept",
            "op": "is-a",
            "value": "71388002"
          }
        ]
      },
      {
        "system": "http://snomed.info/sct",
        "filter": [
          {
            "property": "concept",
            "op": "is-a",
            "value": "129125009"
          }
        ]
      },
      {
        "system": "http://fhir.health.gov.il/cs/medical-service-moh"
      },
      {
        "system": "http://loinc.org"
      }
    ]
  }
}
