<!-- menu.xml {% comment %}
*****************************************************************************************************
*                                  WARNING: DO NOT EDIT THIS FILE                                   *
*                                                                                                   *
* This file is generated by SUSHI. Any edits you make to this file will be overwritten.             *
*                                                                                                   *
* To change the contents of this file, edit the "menu" attribute in the tank sushi-config.yaml file *
* or provide your own menu.xml in the input\includes folder                                         *
*****************************************************************************************************
{% endcomment %} -->

<ul xmlns="http://www.w3.org/1999/xhtml" class="nav navbar-nav">
  <li>
    <a href="index.html">IG Home</a>
  </li>
  <li>
    <a href="toc.html">Table of Contents</a>
  </li>
  <li>
    <a href="artifacts.html">Artifacts Summary</a>
  </li>
  <li class="dropdown">
    <a data-toggle="dropdown" href="#" class="dropdown-toggle">Other Resources
      <b class="caret"></b>
    </a>
    <ul class="dropdown-menu">
      <li>
        <a target="_blank" href="{{site.data.fhir.path}}index.html">FHIR Spec </a>
      </li>
    </ul>
  </li>
</ul>